gdp_per_capita,population
1412.62538438423,750503764.0
1421.79716897878,731821393.0
1409.04069884703,713090928.0
1383.72411941014,694446100.0
1463.43789056716,675950189.0
1471.43831747146,657801085.0
1472.97115180926,640058741.0
1472.69922995631,623369401.0
1479.61525980543,607123269.0
1475.73903934085,590968990.0
1457.67290748026,575202699.0
1436.27450997855,559609961.0
1449.85349970149,544737983.0
1431.21195789305,530308387.0
1841.75834617104,509398589.0
1824.95329630102,497387180.0
1796.60208538449,485920997.0
1768.31356500952,474569351.0
1829.07062009788,463365429.0
1814.688734184,452195915.0
1808.71649348956,440882906.0
1815.16869287797,429454743.0
1860.72769393488,418127845.0
1857.25875463317,406992047.0
1805.52643337702,396030207.0
1750.0258910552,385360349.0
1711.40576272057,374790143.0
1677.42793720229,364358270.0
6321.01759091735,482105978.0
6369.41320452418,471352066.0
6091.32544269033,460646603.0
5923.37350684471,453723239.0
6351.40326996305,444281315.0
6362.19976190562,435998060.0
6309.55882237984,428315886.0
6335.74627340697,419808341.0
6262.04168490023,410190679.0
6213.19485330044,400231008.0
6200.05917460349,390954281.0
6196.73883024471,381030177.0
6038.37051066657,372054934.0
5953.89088311612,363568534.0
16394.8707848282,4519904.0
15115.6283091077,4497310.0
13195.181516013,4479167.0
12447.4815923975,4459302.0
13745.4324449993,4443134.0
13729.8696430575,4407658.0
13691.8734663745,4366140.0
13879.4394084275,4341333.0
14402.4725779389,4314191.0
14514.3655264586,4286546.0
14247.7831117398,4257682.0
14138.3838872356,4228445.0
13630.0960001727,4201107.0
13604.562899963,4173335.0
16514.4404393888,100175859.0
16406.3748705233,100071871.0
15748.7346962917,100205732.0
14633.6483797066,101215763.0
15039.0854339968,101864274.0
14427.2136400191,102074201.0
13696.4865078378,102337501.0
12991.5831012396,102647939.0
12596.9475064791,102973167.0
12076.2019030548,103280478.0
11662.0190543525,103570062.0
11544.5451357668,103929494.0
11421.8179722162,104174038.0
10998.6732543831,104421447.0
3878.45590307873,3511607650.0
3751.2648671429,3470644834.0
3580.09519085706,3432026092.0
3365.39681686141,3396051187.0
3556.47650660398,3355014793.0
3516.28535725061,3314245247.0
3427.77881974115,3274060446.0
3317.06815926143,3233033717.0
3219.68827173818,3190318707.0
3126.23097443148,3146800078.0
3043.82525423964,3103677284.0
2967.59848958026,3058869436.0
2890.64966596632,3013476947.0
2796.60483926579,2967104472.0
12737.6861447227,2384479340.0
12249.7952074863,2379648196.0
11916.6591236649,2375144416.0
11233.1998729839,2369438682.0
11285.3290344998,2359771090.0
10903.061725507,2347576325.0
10468.1195299222,2333475520.0
10035.4566392464,2317076058.0
9657.52889618953,2300844269.0
9288.66786787888,2284385542.0
8930.66566384547,2267072102.0
8551.14311350086,2249081393.0
8194.57043365624,2230826576.0
7827.32592584171,2214613815.0
9665.46358474715,2137527754.0
9199.99703074238,2133560408.0
8905.88956214936,2128553744.0
8293.70107855619,2121866294.0
8220.70959573115,2112289891.0
7806.58937392474,2100698838.0
7374.82657013849,2087238522.0
6966.47429558357,2071486140.0
6589.77384002779,2056050896.0
6225.6558853226,2040383789.0
5864.64303651664,2023850158.0
5511.82854369397,2006566431.0
5168.4832165349,1989106668.0
4797.25188466663,1973602166.0
9774.14866793259,2111139152.0
9303.27535177522,2107261123.0
9005.7234915616,2102350702.0
8386.64139973947,2095759417.0
8312.91754012004,2086281644.0
7894.29652931398,2074796982.0
7457.88424094092,2061449949.0
7045.21047272403,2045816761.0
6664.48716537469,2030504270.0
6296.46196673162,2014960984.0
5931.59345201841,1998548872.0
5575.04186656936,1981382735.0
5228.04161101544,1964036970.0
4852.74554176247,1948643347.0
37908.5766945404,350292725.0
37922.8499997112,348700885.0
36782.7263539196,347207191.0
34605.7692985848,346986142.0
36884.8645609771,346496601.0
36360.4726315102,345864630.0
35837.1637318741,344810179.0
34998.5990485664,344132977.0
34467.5766635134,343180482.0
33838.9466036265,342228563.0
33412.1448579786,341639530.0
33521.8333777348,341100659.0
33905.2502330287,340367367.0
33250.7967323502,341002804.0
25562.672060346,925640799.0
25308.0306451487,925061269.0
24508.7640310929,924702975.0
22973.6125300555,923973838.0
24333.2531795548,922218554.0
23974.6926624587,918947897.0
23569.8160432616,915290996.0
23000.1152991508,911765648.0
22676.9494565466,907676898.0
22309.2877911281,903676408.0
21973.6951779781,899985362.0
21867.202832463,896554203.0
21885.9177792506,893009595.0
21426.2972328891,890990371.0
8269.6558897835,249053262.0
7814.1063456801,250840400.0
7538.17706529109,252189631.0
6955.08813207363,250660609.0
6984.71829296284,248863066.0
6888.2510975942,246659127.0
6713.32686595588,244533821.0
6399.7112324524,242410814.0
6282.95418433325,240232789.0
6120.3820340921,238114658.0
5974.78987146726,235983340.0
5659.28510712076,233914892.0
5484.34972684392,231988438.0
5099.33119310465,230106440.0
10043.4968559626,458932506.0
9622.94735198736,461268322.0
9395.16907894132,463426293.0
8746.45484939779,463151657.0
8894.08895327841,462219596.0
8698.32942822884,460205526.0
8421.43271307493,458235497.0
8112.55470045155,456099634.0
8004.56641973475,453811483.0
7926.82910857088,451547765.0
7785.79620589687,449206794.0
7571.49903748339,446980794.0
7354.23103419735,444846366.0
6974.54519480835,442936599.0
34564.095590823,449425965.0
34539.7533324,447703403.0
33484.6721067007,446227358.0
31437.8963906325,446870959.0
33290.544331928,446910453.0
32719.6472999741,446329890.0
32133.7302385419,445321060.0
31305.5746438272,444676652.0
30769.090644109,443793218.0
30115.8058767786,442920819.0
29666.138095714,442425741.0
29700.6173366773,442069839.0
29973.0708103289,441414078.0
29351.7125948792,442088310.0
1692.81563382839,1057033168.0
1693.31285629188,1036390026.0
1704.61803143629,1016906998.0
1700.81574564837,994901090.0
1831.00990291013,973035228.0
1829.43249580468,951851595.0
1819.90998931539,931222867.0
1814.04601470785,910836458.0
1815.53207965872,890869511.0
1841.24503993054,871345375.0
1841.3902986378,851404936.0
1822.79460884141,831065598.0
1768.82799688443,810972272.0
1811.48078574662,791371804.0
998.105333517896,917304254.0
989.774610294658,893906294.0
967.583078913846,870930036.0
953.597086826481,847743308.0
977.960356939643,824649053.0
962.546669755313,802020674.0
950.257423394052,779389964.0
931.66620711483,756895035.0
917.999801798178,735429414.0
900.190152354274,714769441.0
877.096553027641,694622934.0
853.478503714767,675397557.0
843.927481954543,656783491.0
829.717281093898,638796398.0
41191.9724958332,1408764584.0
40751.2002459135,1398530204.0
39753.1922462333,1391839631.0
37514.023100318,1393490142.0
39130.3015259849,1389779202.0
38525.156050765,1385103279.0
37764.2030217286,1380319892.0
37014.9995373144,1374284415.0
36571.192904688,1366013616.0
35957.9385852906,1357496263.0
35391.8047074026,1350149879.0
35030.60694981,1342428400.0
34730.5760290495,1334557663.0
34184.8588436066,1328657754.0
7305.86790476457,4952554878.0
7003.87183239032,4928522353.0
6783.29455197322,4905534420.0
6337.54586359436,4878606096.0
6461.74226549531,4845361414.0
6260.14050126277,4807240463.0
6015.93919271361,4765998583.0
5770.53135992578,4721753602.0
5572.51411128581,4676922961.0
5391.63590086897,4630723215.0
5197.2031606553,4582036746.0
4992.88349505787,4532140278.0
4786.10696847077,4483152627.0
4546.65487571937,4436714947.0
5685.07908248346,6858864199.0
5481.60568741774,6795050443.0
5330.50443957853,6732972939.0
5013.23263491639,6666779721.0
5130.75740660787,6594502842.0
4989.35477211125,6518316997.0
4813.31983045957,6440236993.0
4635.79860256496,6360340293.0
4494.44119703311,6281111240.0
4363.80564836073,6201723115.0
4215.62042161633,6120535080.0
4059.83584415616,6038998236.0
3908.78015405777,5956718993.0
3730.89900059914,5876645582.0
2081.06791172674,664395892.0
2064.46816484506,651895919.0
2017.41666000453,639196319.0
1955.54545528729,626440308.0
2023.8149390915,614017319.0
2003.84506122924,601951913.0
1968.27630348302,590024074.0
1953.47589122078,578463670.0
1947.83629776554,567234056.0
1914.2194306931,555868551.0
1848.23392003456,544442648.0
1786.63657405362,532980174.0
1748.97991711225,520984443.0
1719.99150192334,508422508.0
1149.8587500392,1241913429.0
1138.5954330942,1214632171.0
1114.95742128462,1188242200.0
1100.00133327901,1161733317.0
1129.35499390586,1135124109.0
1101.1327340475,1109124621.0
1074.37612542668,1084214336.0
1044.42742376085,1060123021.0
1023.94411088699,1036954223.0
1015.19174796501,1015131349.0
986.515648150274,994055686.0
960.645749003179,973877784.0
959.647950886679,952581923.0
941.411982476741,931508127.0
1474.40814755954,1906309321.0
1461.96193294782,1866528090.0
1430.61708230182,1827438519.0
1399.71905408952,1788173625.0
1443.34555447691,1749141428.0
1418.70439226284,1711076534.0
1389.39853899449,1674238410.0
1365.34514851903,1638586691.0
1350.62840308024,1604188279.0
1333.2956608341,1570999900.0
1291.45987032235,1538498334.0
1252.79572531256,1506857958.0
1238.69964668899,1473566366.0
1216.3005257885,1439930635.0
11409.0569702698,2326636900.0
10944.899622712,2324125644.0
10611.7468569376,2320449542.0
9880.45810162277,2316461820.0
9881.6721371596,2309164437.0
9477.12040894328,2298652685.0
9037.44201526767,2286095306.0
8639.33621121133,2271028438.0
8325.54664463079,2256276122.0
8005.09578206233,2241237489.0
7658.75468426653,2225083377.0
7301.18036733616,2209359324.0
6950.05005525226,2193171336.0
6526.23600790255,2179525352.0
9100.39837961557,657617663.0
8961.37737419156,653104795.0
8670.66191916267,649234493.0
8144.08689277633,645497651.0
8782.94331550726,640962372.0
8794.51276668407,635778081.0
8730.57792019218,630414986.0
8647.12703102584,624737786.0
8758.631461288,618868462.0
8809.13039283204,612849401.0
8781.61859739655,606683307.0
8635.25206265996,600420316.0
8508.79172925233,594086829.0
8237.78723215005,587752505.0
8525.3906894748,589889543.0
8403.21343200064,585648822.0
8143.89761140247,581884231.0
7670.34419013564,578091505.0
8274.06093377018,573311679.0
8305.84789826096,567711159.0
8262.61207558922,561957179.0
8182.7315614952,556440282.0
8307.33369621788,551075145.0
8368.59617559204,545661592.0
8348.46217344054,540118712.0
8208.83313243338,534503260.0
8107.03327818294,528822706.0
7847.60945831773,523147480.0
8982.85044234066,642397939.0
8840.33081627037,637837815.0
8553.60626841133,633862610.0
8021.38920067187,630051021.0
8644.58034902295,625467307.0
8658.22679130356,620274430.0
8591.615571462,614776664.0
8504.2923762152,609017063.0
8616.95753415631,603091701.0
8673.19274235671,597023419.0
8643.8783465476,590809938.0
8494.85171090977,584524334.0
8367.39195224032,578171855.0
8090.06385704013,571822092.0
1064.9345379796,1160824674.0
1057.29193908212,1134585604.0
1032.24314317615,1109175268.0
1027.57951931208,1083636132.0
1053.517524379,1058013514.0
1026.53885694871,1033110314.0
1004.42952761641,1008993468.0
983.739244613172,985414939.0
970.916596442798,962508256.0
966.706091824195,940284138.0
938.445326811341,918269633.0
908.701952675905,896684951.0
901.646878560648,875685078.0
893.399285244121,855348118.0
5468.47621151054,6499219471.0
5266.51603000027,6438272260.0
5113.30798163299,6378645843.0
4808.93331379262,6314223170.0
4915.10891731954,6243849229.0
4776.42374355353,6169917356.0
4605.06805564136,6094196886.0
4428.347315737,6017298320.0
4282.04601624269,5941372154.0
4142.60267768904,5865317415.0
3991.03886412488,5787469694.0
3830.53202784228,5709187884.0
3682.20601895846,5630227189.0
3509.96036284186,5553257507.0
668.457227006964,607774703.0
688.262798221044,591481496.0
681.870227394456,576076618.0
691.871963142477,560643073.0
719.265857856669,544980983.0
715.537643444124,529522043.0
716.041572530027,514890519.0
722.757828714384,501149314.0
736.645564029793,488308267.0
771.161462730256,476470767.0
766.467472001827,465087882.0
767.64883546576,453652889.0
826.188858987671,441658754.0
850.995354392052,429515596.0
2340.28167597897,3082002881.0
2235.50331742032,3043358377.0
2132.43099671155,3006243027.0
2024.80613985276,2968398856.0
2128.98969696211,2928617292.0
2074.08259867348,2888561818.0
1995.24339196345,2847931114.0
1919.93641936744,2806590212.0
1843.92245982702,2765011526.0
1767.45084173772,2723061855.0
1692.31144110473,2679816109.0
1627.33736049755,2637101332.0
1573.12914675615,2593815085.0
1527.32392177732,2550264612.0
5460.82538962839,797801454.0
5451.27422521319,782349366.0
5223.07682453744,767578451.0
5043.7594964613,756405281.0
5312.46081098356,742714463.0
5323.20351596778,730362334.0
5270.56511367513,718887744.0
5241.37395166575,707023525.0
5108.83117786409,694232973.0
5071.9355052414,680716578.0
5018.47135240207,667464006.0
5006.12032400224,653273442.0
4922.32565988064,639053870.0
4850.36649873449,624828664.0
3006.98994999501,729077445.0
2975.28809857382,716508657.0
2904.78451107145,704458802.0
2828.43090998978,692532027.0
2963.25398076567,680490997.0
2980.3112794174,668447432.0
2957.76906553691,656767614.0
2910.61822045142,645837915.0
2802.63134980934,635352686.0
2819.68611736515,624564062.0
2804.95399171853,613151287.0
2827.37163394722,601566988.0
2785.48059599681,589646039.0
2855.29922564585,577396038.0
3007.83360749391,723911670.0
2974.40428671687,711465045.0
2903.75214833644,699536053.0
2827.77413144714,687728758.0
2960.37556708804,675805691.0
2977.30033849378,663878345.0
2954.31885645478,652312809.0
2906.72081157224,641470827.0
2799.45441811562,631082594.0
2816.94038359447,620390664.0
2801.57604475889,609074579.0
2824.63830445766,597586990.0
2783.21089956895,585763053.0
2854.8294150761,573609877.0
5963.20047743088,5891444768.0
5729.39633464263,5846790764.0
5553.00656441625,5802569225.0
5210.06623934632,5753580097.0
5316.31100503943,5698868246.0
5157.63928448533,5640395313.0
4964.0196545653,5579306367.0
4765.16328527473,5516149006.0
4599.80845420887,5453063887.0
4441.19227224839,5388846648.0
4273.3557541338,5322381812.0
4095.54004207798,5255534995.0
3926.2480049756,5188568435.0
3733.96556155466,5123741911.0
63338.4780212525,376954413.0
62273.1096789565,373018004.0
61099.5047550037,370404272.0
57729.9684953847,369670740.0
59425.2795999265,367908829.0
58314.2000586416,365666028.0
57026.2735977163,363217262.0
56048.8939030464,360527592.0
55534.4570291574,357583083.0
54473.0905410712,354755155.0
53554.2719641963,351870848.0
52849.3047651965,349116140.0
52118.7204894585,346242415.0
51671.5084350733,343447854.0
,
,
,
,
,
,
,
,
,
,
,
,
,
,
39916.5529594743,1388472514.0
39468.2756007532,1379097485.0
38502.2361135991,1371811773.0
36403.4857351902,1369327995.0
38025.3439632024,1364155119.0
37543.1929192355,1356470975.0
36912.5648355538,1348127258.0
36201.7633431698,1340142055.0
35772.5321374449,1331675197.0
35110.6657336607,1323459714.0
34570.3825208587,1315427979.0
34220.3493541063,1307733583.0
33967.9079202599,1299644689.0
33514.9701462429,1292701737.0
12273.8961900526,12842214.0
12087.8229301698,12699005.0
11698.7704539026,12541889.0
10967.2475628547,12417333.0
11770.5384031292,12281907.0
11417.5020012025,12135267.0
11067.3917508331,11989367.0
10645.8706231466,11851918.0
10334.0987006005,11722398.0
10098.3552025218,11591200.0
10004.1603381008,11466589.0
10015.81484579,11346082.0
9999.31591580046,11226214.0
9771.1205173708,11112466.0
3806.17175651108,2689224.0
3668.29674204619,2656049.0
3392.90548608081,2625493.0
3526.91824866971,2595522.0
3966.43703821898,2568656.0
3962.30591642956,2542009.0
3904.74999271424,2509999.0
3808.0649305265,2477794.0
3721.79465162999,2445989.0
3625.25362242493,2414338.0
3546.5300702661,2382931.0
3481.07000103318,2351924.0
3492.25214728423,2320899.0
3409.25500449811,2289399.0
45951.7800924889,1121892872.0
45272.358271736,1117926537.0
44118.9388148023,1116609473.0
41732.4405643462,1117025276.0
43589.6618640452,1114907717.0
42939.584006302,1111377470.0
42156.5013034,1107161559.0
41307.860490912,1102966925.0
40767.6732069989,1097890139.0
40053.068781707,1093025476.0
39428.1851843313,1088424167.0
38990.6802498188,1084193277.0
38683.8235141613,1079468050.0
38159.5668246061,1076208648.0
1443.08973386174,1078224044.0
1447.11431883708,1051201551.0
1422.99505709288,1024960313.0
1415.40913185029,998624261.0
1491.54319700958,972302503.0
1482.95128186789,946317177.0
1485.49877756859,920568701.0
1502.76142001445,895239872.0
1508.88772064734,870587800.0
1505.68710312283,846420736.0
1472.74811348875,822138419.0
1432.97380778931,798002725.0
1416.01821827243,774567417.0
1397.55550126878,752046672.0
12068.870739919,20051342.0
11647.2862412552,19852364.0
10929.9679897079,19646549.0
10314.4833183078,19472157.0
11186.3407280152,19293697.0
10958.5509873455,19084934.0
10721.8208950743,18865506.0
10490.2995213133,18671045.0
10408.6618377241,18482578.0
10278.8254139719,18292084.0
10152.1627156272,18107202.0
10130.5657104615,17926451.0
10006.3466315417,17748220.0
9852.12543539201,17575200.0
2236.80507960645,1662580579.0
2079.70096055062,1648009565.0
1957.51785308901,1634785356.0
1806.99045389673,1621073417.0
1920.39706317409,1605412986.0
1863.72112646838,1589164714.0
1770.2629132472,1572520427.0
1676.35409782237,1555111864.0
1570.54142462917,1537370078.0
1475.21676501966,1519839246.0
1392.20217841838,1501661991.0
1326.51107396889,1483553073.0
1272.07513809653,1464372623.0
1222.5182301452,1444967010.0
2236.80507960645,1662580579.0
2079.70096055062,1648009565.0
1957.51785308901,1634785356.0
1806.99045389673,1621073417.0
1920.39706317409,1605412986.0
1863.72112646838,1589164714.0
1770.2629132472,1572520427.0
1676.35409782237,1555111864.0
1570.54142462917,1537370078.0
1475.21676501966,1519839246.0
1392.20217841838,1501661991.0
1326.51107396889,1483553073.0
1272.07513809653,1464372623.0
1222.5182301452,1444967010.0
1586.13067604995,1259902353.0
1584.93033748502,1229208573.0
1566.10687260088,1199011925.0
1539.85068167536,1169015451.0
1612.14257248213,1139315618.0
1611.27332266468,1109997000.0
1609.91136715464,1080941647.0
1612.39505287464,1052824144.0
1635.04422604526,1025251114.0
1631.33177707383,997961037.0
1599.51376049865,971232906.0
1564.22280679957,944970310.0
1556.45949389258,919528126.0
1531.48486687603,894666657.0
1665.35578624501,1131090888.0
1667.5908121005,1103704408.0
1649.05311615437,1076774079.0
1622.24757512343,1049999318.0
1705.15912749224,1023480610.0
1708.70763052639,997236086.0
1710.35358994246,971179323.0
1718.0345582189,946011305.0
1747.88416619556,921290560.0
1748.73091504813,896754068.0
1717.84547041836,872704206.0
1682.88387255106,849083240.0
1677.16984911741,826290715.0
1653.32403841617,804038373.0
1586.13067604995,1259902353.0
1584.93033748502,1229208573.0
1566.10687260088,1199011925.0
1539.85068167536,1169015451.0
1612.14257248213,1139315618.0
1611.27332266468,1109997000.0
1609.91136715464,1080941647.0
1612.39505287464,1052824144.0
1635.04422604526,1025251114.0
1631.33177707384,997961037.0
1599.51376049866,971232906.0
1564.22280679957,944970310.0
1556.45949389258,919528126.0
1531.48486687603,894666657.0
9937.60060130283,2809441887.0
9522.30699359525,2803432387.0
9230.36060705031,2796326198.0
8604.86234676385,2785181241.0
8685.84122197416,2770250954.0
8394.40637902741,2751833495.0
8059.48238143962,2731375253.0
7712.27994886495,2709558794.0
7434.5956962152,2688052361.0
7172.38172110228,2665784793.0
6890.78324902858,2642565703.0
6581.33928744782,2618433663.0
6278.51927756858,2594753350.0
5920.71786501535,2573477299.0
11656.1377183433,8064976601.0
11428.5478109765,7990399768.0
11154.1116782999,7920861888.0
10569.0440347692,7855075060.0
10986.370268324,7778303912.0
10808.7873552704,7697492379.0
10577.5913254585,7614748582.0
10340.5608748854,7529066617.0
10175.4094195078,7441826877.0
9983.73325351848,7354183367.0
9796.48671320554,7265970522.0
9639.48614203712,7176968877.0
9504.38291607333,7087120034.0
9309.31873020995,7001266876.0
378.06630312259,41454761.0
377.665627080705,40578842.0
408.625855217403,40000412.0
527.834554499306,39068979.0
557.861533207459,37856121.0
553.125151688293,36743039.0
562.769574140988,35688935.0
563.872336723147,34700612.0
565.569730408751,33831764.0
575.146245808546,32792523.0
580.603833333096,31622704.0
568.929021458341,30560034.0
525.42698276582,29347708.0
542.871030476037,28284089.0
5444.93000074979,2745972.0
5178.88431481499,2777689.0
4880.72346162808,2811666.0
4437.65346927974,2837849.0
4563.4673625169,2854191.0
4452.23714652476,2866376.0
4283.98262744437,2873457.0
4143.98988316994,2876101.0
3981.72662261867,2880703.0
3883.63262828191,2889104.0
3790.68016321899,2895092.0
3720.22876474985,2900401.0
3677.89457937717,2905195.0
3579.82413181046,2913021.0
4660.40545687895,46164219.0
4544.46688060372,45477389.0
4456.74687637774,44761099.0
4363.68533767783,44042091.0
4672.66408678635,43294546.0
4717.0035885361,42505035.0
4742.90075532529,41689299.0
4768.73140081027,40850721.0
4685.05902729002,40019529.0
4634.10149179952,39205031.0
4543.23444006767,38414171.0
4518.43978956464,37646166.0
4501.3543013352,36903376.0
4456.6102741643,36188236.0
,47521.0
13709.0974895473,48342.0
13233.5784817341,49225.0
13194.274740128,49761.0
12524.0160252283,50209.0
12412.6024074562,50908.0
11930.7771236826,51586.0
12665.2829921268,52245.0
12727.4102651386,52878.0
12203.0894714284,53466.0
11871.7937192729,54006.0
12068.2667374983,54489.0
12521.8095058644,54895.0
12446.3086265015,55228.0
40227.2335282714,80856.0
39780.3966116268,79705.0
36929.0191515162,78364.0
34536.6499209948,77380.0
39346.2750344286,76474.0
39242.1448960772,75162.0
39361.0622634329,73763.0
40085.0205971586,72181.0
38654.9347203095,72174.0
37300.6244183478,73737.0
35684.169433471,75194.0
36206.9784343227,76834.0
37637.4868329126,77783.0
36277.2644412087,80706.0
2334.66104267184,36749906.0
2382.02263952585,35635029.0
2385.44881834294,34532429.0
2433.37637275564,33451132.0
2664.43850995544,32375632.0
2775.74642272991,31297155.0
2911.60084214038,30234839.0
3020.98332805417,29183070.0
3213.90261080059,28157798.0
3300.73510980871,27160769.0
3268.63890723473,26165620.0
3236.57494513146,25177394.0
3099.9422899117,24218352.0
3114.69608592822,23294825.0
17789.4058123944,93316.0
17456.8722243104,92840.0
16084.7214406048,92349.0
14950.8942397208,91846.0
18525.2588907167,91364.0
18042.1596435727,90926.0
16992.9327495236,90468.0
16635.895232831,89969.0
16077.6340769406,89409.0
15967.284996712,88765.0
15748.1952024226,88064.0
15989.3900199779,87260.0
15633.9091131821,86332.0
16135.397384487,85320.0
12933.2497342121,45538401.0
13182.7933950725,45407904.0
12549.2811699342,45312281.0
11393.0505957877,45191965.0
12706.3978108968,44973465.0
13058.3285449954,44654882.0
13520.1129846159,44288894.0
13265.8860639123,43900313.0
13679.6264980954,43477012.0
13456.1319159151,43024071.0
13946.0950832252,42582455.0
13754.4254235596,42161721.0
14040.6189124444,41730660.0
13387.1553748458,41288694.0
5197.23509013575,2964300.0
4791.00481712183,2969200.0
4264.79961505187,2962300.0
4032.09043454955,2961500.0
4343.45839583019,2962500.0
4027.83393010979,2969000.0
3815.3747426037,2979400.0
3533.88503607007,2992300.0
3512.39350276709,3004600.0
3393.09252326884,3013800.0
3266.29882999873,3022000.0
3159.75860786889,3024100.0
2943.83687119315,3027900.0
2796.08143428043,3044800.0
31178.473678762,107359.0
29917.1280287045,107310.0
27469.0056215511,107700.0
21947.9953301189,108587.0
29576.8097145074,109203.0
30334.1162224308,108908.0
29671.13582858,108735.0
27719.5007310796,108727.0
27458.2253310273,107906.0
27914.8433440348,106807.0
28668.7204196265,105675.0
27341.2274279996,104110.0
28037.8697927378,102591.0
27324.5554259804,101838.0
61598.1776089916,26652777.0
61009.8077147403,26014399.0
59276.503107197,25685412.0
58132.798523626,25649248.0
58924.733646242,25334826.0
58530.7821697117,24963258.0
57750.6482221688,24592588.0
57401.0662268939,24190907.0
56739.0265346593,23815995.0
56327.8533063277,23475686.0
55728.0174035719,23128129.0
55257.5739287362,22733465.0
54111.357240336,22340024.0
53578.8125049759,22031750.0
46338.9570588922,9131761.0
47250.9695999523,9041851.0
45313.3988964964,8955797.0
43428.6983137234,8916864.0
46550.5622459492,8879920.0
45951.5819164034,8840521.0
45056.6385912412,8797566.0
44362.6702805116,8736668.0
43915.228020857,8642699.0
43838.8345892137,8546356.0
43851.3675497404,8479823.0
44221.4599530893,8429991.0
44146.1956805294,8391643.0
43035.4073531933,8363404.0
5668.61020477202,10153958.0
5599.58525100539,10141756.0
5349.5822595965,10137750.0
5087.50022691293,10093121.0
5346.95319282755,10024283.0
5261.92938170171,9939771.0
5229.25259747579,9854033.0
5272.71816973266,9757812.0
5500.50364628486,9649341.0
5508.6026585312,9535079.0
5425.99558858555,9416801.0
5193.175009361,9295784.0
5149.20665199301,9173082.0
5300.11049447988,9054332.0
33009.8743188408,399440.0
32186.513975715,397538.0
29114.2279448407,396373.0
24791.6538067733,395863.0
31117.6825430577,394675.0
31537.4437497052,392717.0
30974.774621871,390485.0
30152.2354644699,388055.0
30719.405417469,385346.0
30658.7356351188,382298.0
30368.3622669943,378953.0
31553.6206928091,375469.0
30492.7734015434,371729.0
30657.531992584,367478.0
25342.6226641572,1577059.0
25234.40256182,1524693.0
24086.7847803428,1504365.0
23586.9309581516,1472204.0
24873.6640060134,1483756.0
24059.7838641562,1503091.0
23606.8867501313,1501116.0
23715.2791328712,1423726.0
23734.0551143019,1370322.0
24135.4991304849,1314562.0
24271.6278814506,1253191.0
23894.8804447088,1208964.0
23288.0449398313,1195020.0
22224.0736166249,1228543.0
1885.37733613545,171466990.0
1804.3493461776,169384897.0
1702.08028414189,167658854.0
1604.6659234742,166298024.0
1564.20802445636,164913055.0
1462.25050255713,163523103.0
1373.75363740186,162186147.0
1299.83091360792,160811932.0
1224.38647668165,159383179.0
1159.40753475981,157964929.0
1103.15695907123,156532141.0
1050.39140404066,155070101.0
995.579947155662,153591076.0
943.66422864236,152201981.0
19734.2380260921,282336.0
18959.3351638653,282318.0
16099.7749737734,282147.0
16166.6559507829,281698.0
19064.9975884863,281207.0
18974.8571786909,280711.0
19237.287488428,280171.0
19251.9834223357,279598.0
18954.2913724506,278990.0
19160.122299023,278348.0
19191.4375467197,277665.0
19438.2179113021,276938.0
19555.7321072204,276139.0
19763.952363572,275243.0
6497.78450735958,9178298.0
6206.61909735439,9228071.0
6457.73053774952,9302585.0
6251.98898903127,9379952.0
6267.7350887999,9419758.0
6165.91320184691,9438785.0
5964.89668930991,9458989.0
5811.20159245258,9469379.0
5967.05595058777,9461076.0
6212.91667355075,9448515.0
6115.43288138613,9443211.0
6052.63737227717,9446836.0
5941.68999107287,9461643.0
5616.09411651767,9483836.0
44722.1955283977,11787423.0
44596.7859981166,11680210.0
43121.9429709785,11586195.0
40769.0218072962,11538604.0
43006.4042308863,11488980.0
42208.3625650272,11427054.0
41619.328629169,11375158.0
41172.8862831209,11331422.0
40893.804537772,11274196.0
40533.9135027898,11209057.0
40007.8997891411,11159407.0
40074.492800399,11106932.0
40236.9596308558,11038264.0
39991.5646206286,10895586.0
6212.26051785042,411106.0
6269.37997445105,402733.0
5824.30394264153,395346.0
5003.87784847193,390812.0
5886.9622354935,385829.0
5729.21045186202,380226.0
5772.92692023491,373202.0
6016.49646985703,364705.0
6154.49593498217,356333.0
6109.47778375326,348923.0
5998.17830945783,341627.0
5866.25148992843,334414.0
5777.83112948952,327298.0
5919.55662085777,320245.0
1263.62158336368,14111034.0
1218.49668929091,13759501.0
1176.37727637273,13413417.0
1126.65404122154,13070169.0
1114.17304526443,12726755.0
1071.50452156932,12383347.0
1032.90471194182,12039780.0
1006.03926633023,11697842.0
1002.41886879614,11360681.0
1014.4330062135,11030004.0
982.399206290516,10708834.0
943.918771531001,10397657.0
927.716412836707,10093623.0
928.246655329144,9797484.0
115124.71719745,64698.0
109642.671877743,64749.0
103134.729483915,64648.0
98999.5076617935,64382.0
106709.881238843,64107.0
106843.163739391,63831.0
107734.608357327,63578.0
104190.876720334,63449.0
104855.366822135,63464.0
103941.982606956,63529.0
107860.394791964,63574.0
108040.575659203,63646.0
113937.835700983,63733.0
118382.908990645,63725.0
3488.84449072501,786385.0
3349.73309632799,780914.0
3206.20366997254,775442.0
3092.12428399363,770006.0
3467.38598979356,764824.0
3300.55006461736,759759.0
3211.80903275593,754335.0
3173.36773217431,747866.0
2954.04081911097,740618.0
2797.81883971908,733139.0
2671.07460201171,725273.0
2654.74798946027,717279.0
2552.48871073094,709377.0
2378.72810760985,701632.0
3226.08756009169,12244159.0
3172.91046695036,12077154.0
3098.35062383781,11937360.0
2949.81955038243,11816299.0
3272.38171029956,11671386.0
3246.76434820658,11508368.0
3160.16421228968,11344587.0
3077.57057564767,11180020.0
2996.01289811344,11014705.0
2900.90241586338,10848888.0
2793.51457098675,10682608.0
2657.23884915854,10515807.0
2568.5205166368,10348929.0
2481.40700850945,10182345.0
6493.22233959649,3185073.0
6327.06293910437,3204802.0
5995.44817572385,3244907.0
5490.75367062899,3299349.0
5583.29732033466,3345533.0
5360.17443893099,3387000.0
5099.81613758953,3428682.0
4876.5347244666,3473003.0
4662.25883724069,3518541.0
4411.38102277262,3564829.0
4305.4675564178,3610859.0
4138.70218363601,3670113.0
4093.05152243746,3741798.0
3980.04128344756,3811472.0
7269.05170664457,2480244.0
7159.5860618268,2439892.0
6895.91184943107,2401441.0
6254.24806377545,2365894.0
6951.73188985979,2332083.0
6843.84612121161,2299141.0
6662.5764477869,2266747.0
6490.83463593483,2234776.0
6141.20394726616,2203273.0
6547.12253923766,2172044.0
6284.97677820877,2140682.0
5742.919242654,2108617.0
5850.07858485864,2073535.0
5584.50343260122,2033111.0
9288.02701470069,211140729.0
9032.08481566299,210306415.0
8799.22945810901,209550294.0
8435.01143254978,208660842.0
8771.44051292177,207455459.0
8722.33630317935,206107261.0
8628.25308908043,204703445.0
8577.84376650911,203218114.0
8936.19661712113,201675532.0
9338.34278278114,200085127.0
9366.73932434359,198478299.0
9167.49923929815,196876111.0
9067.99316348047,195284734.0
8792.63436120342,193701929.0
,38985.0
,38319.0
,37809.0
,37135.0
,36395.0
,34657.0
,32699.0
,33878.0
,34498.0
,32962.0
,31703.0
,30345.0
,28710.0
,27675.0
28645.9644636922,458949.0
28549.175527547,455370.0
29256.1832859253,451721.0
30015.9587299585,447404.0
29996.2405849189,442680.0
29200.1951241759,437810.0
29524.65904505,432772.0
29492.4145383772,427564.0
30625.128732694,422212.0
31148.729616258,416750.0
32381.0738305277,411202.0
33544.538880398,405557.0
33754.3639675001,399389.0
33121.3176732283,392332.0
9810.66890602451,6446596.0
9601.43271269533,6465097.0
9168.85176416607,6507301.0
8450.60388758371,6550696.0
8644.24951911477,6616726.0
8211.93640364397,6710798.0
7898.70694583532,6803468.0
7586.50414873238,6894139.0
7268.65445473873,6984225.0
6941.01854679167,7073572.0
6792.73551393835,7160005.0
6693.42776100824,7305888.0
6605.30857880385,7348328.0
6428.71747401797,7395599.0
744.165760639938,23025776.0
739.363021191451,22509038.0
745.472563435144,21995243.0
713.8421779224,21478690.0
717.021595096634,20961952.0
694.492813126351,20438288.0
669.276310328333,19894407.0
648.420480176012,19334856.0
630.124750752312,18777487.0
624.576885187665,18229461.0
616.741331164082,17695409.0
600.731343697818,17172287.0
581.603658737407,16661908.0
561.847221302489,16176498.0
253.44565118586,13689450.0
253.69164159159,13321097.0
255.917950730796,12965481.0
255.078218433565,12617036.0
261.750180238427,12255336.0
265.672394335817,11859446.0
269.47688960656,11506762.0
274.513363399011,11239451.0
280.966831311923,11047580.0
299.077479357732,10799785.0
296.816900573427,10439341.0
293.232620547249,10071028.0
290.948032142504,9717978.0
289.856950614392,9376444.0
4192.40126436212,522331.0
3997.76763250653,519741.0
3471.6553421786,516649.0
3255.93628984058,514679.0
4115.90283469406,514104.0
3853.67940035241,513415.0
3719.71306047915,512893.0
3560.1400729534,512554.0
3415.06266730931,512394.0
3383.8422809791,512326.0
3361.09387702205,512225.0
3341.7421054836,511955.0
3309.20121643898,511447.0
3194.61667734233,509784.0
2085.05748462072,17423880.0
2011.27433313199,17201724.0
1938.76436741791,16974305.0
1908.63427518336,16725474.0
2008.32094006706,16481304.0
1884.28374817086,16274522.0
1753.93530504662,16073372.0
1645.46671578126,15852803.0
1547.32010444393,15623251.0
1464.53115866927,15396772.0
1376.29557595926,15170208.0
1295.25271477893,14945085.0
1221.38839852454,14722584.0
1155.85236856699,14500726.0
1466.76885819356,28372687.0
1458.66180431693,27632771.0
1443.57600237663,26915758.0
1434.51913723409,26210558.0
1470.31785276187,25506095.0
1461.01969999317,24806383.0
1444.90682916573,24128601.0
1435.61830727839,23454161.0
1415.00009710569,22763414.0
1381.81938454907,22059893.0
1347.2130636706,21402376.0
1319.66961634054,20809529.0
1297.3064962694,20232304.0
1290.9013745759,19668066.0
45048.2842408265,40083484.0
45677.686578804,38935934.0
44639.193269037,38239864.0
42366.1285377884,38028638.0
45100.2915069262,37618495.0
44907.3436912123,37072620.0
44339.3886689254,36545075.0
43551.3425975115,36110803.0
43594.1941045394,35704498.0
43643.2356440047,35434066.0
42851.170527104,35080992.0
42320.6431330726,34713395.0
42043.6419795513,34339221.0
41164.3399119626,34005902.0
81411.6457813075,73038.0
79587.3887913705,71591.0
77285.7966767064,70108.0
75199.6450417809,68684.0
80714.5718222987,67327.0
79305.769672996,65941.0
77717.1752058822,64535.0
77031.8643873625,63100.0
76379.2095108681,61642.0
76104.6215727416,60160.0
76038.879554035,58655.0
77074.3890872511,57136.0
78233.0187551876,55606.0
79483.0972813604,54099.0
397.467795727686,5152421.0
398.915397976511,5098039.0
396.020622931961,5112100.0
398.834274122139,5026628.0
401.82582161435,4944703.0
395.020015455909,4878657.0
387.35795131742,4793511.0
376.858254120398,4713663.0
366.322853938121,4629320.0
351.561554911625,4623182.0
349.821171688973,4642419.0
553.729578314912,4610848.0
532.38295493852,4565021.0
519.141456408484,4492995.0
929.941347591119,19319064.0
934.967732795261,18455316.0
857.290294251454,17828273.0
884.730874687626,17224679.0
917.085339933556,16685223.0
898.669040353434,16156531.0
878.913785540893,15622759.0
923.494348293965,15114655.0
993.990730610869,14647621.0
993.25648925195,14188678.0
1008.54996552116,13691079.0
1016.65896756228,13210998.0
965.593242567789,12754997.0
956.724153813537,12312575.0
69822.9531432725,167691.0
67513.5800895208,167215.0
64272.111712561,166741.0
58640.735167679,166235.0
64598.9625726294,165639.0
63864.3732883742,164949.0
63397.7524683734,164319.0
62438.478592806,163883.0
61852.0735568957,163454.0
61897.0637706602,162726.0
60784.8479832989,161777.0
60866.085192313,160767.0
65010.9566350941,159706.0
64727.4333131603,158621.0
14280.3475638842,19658835.0
14283.1489501524,19553036.0
14051.4713630677,19456334.0
12679.024004022,19370624.0
13630.5935435578,19197744.0
13763.0068844795,18893191.0
13473.3458532934,18558868.0
13505.097711133,18267221.0
13433.9202987032,18047625.0
13285.9540361192,17864195.0
13182.7329619856,17687006.0
12882.834417927,17519119.0
12252.8441074615,17351816.0
11649.2897090856,17181464.0
12484.1578844175,1410710000.0
11830.5983703496,1412175000.0
11469.5707134928,1412360000.0
10573.6420059282,1411100000.0
10356.4804194995,1407745000.0
9798.6528523316,1402760000.0
9221.51403820573,1396215000.0
8679.37704460133,1387790000.0
8175.33285077393,1379860000.0
7686.57792954381,1371860000.0
7198.06876478162,1363240000.0
6723.19443752823,1354190000.0
6275.90956436258,1345035000.0
5764.86534987407,1337705000.0
6828.59753791113,52321152.0
6856.72590505374,51737944.0
6457.16921807086,51188173.0
5891.95523215403,50629997.0
6439.96359812647,49907985.0
6353.5464285392,49024465.0
6309.67745292518,48131078.0
6316.07067782542,47437512.0
6248.51490534512,46969940.0
6121.83982019825,46565429.0
5910.80592301166,46151584.0
5675.75617978305,45715810.0
5517.1011086899,45259614.0
5214.24547620131,44777319.0
1505.25419206172,850387.0
1488.85613490824,834188.0
1476.38688314725,818174.0
1465.89782581729,802163.0
1437.37135466649,786578.0
1413.98188639216,771590.0
1385.61417581045,756669.0
1338.59046548627,741741.0
1329.3704808998,726682.0
1331.21227800861,711503.0
1309.47579833416,696192.0
1227.8383415516,681630.0
1178.42049434859,668056.0
1135.3590787937,654836.0
537.507995280245,105789731.0
511.29926733563,102396968.0
484.784649973339,99148932.0
471.504423341186,95989998.0
478.632426258904,92947442.0
473.294077418165,90047644.0
462.482920889479,87083398.0
462.47214741215,83956415.0
467.9145805459,81035531.0
452.339650501681,78403242.0
427.458520350728,75789395.0
407.671076943679,73254618.0
393.616173563894,70849311.0
380.578038274352,68563038.0
1677.08549205924,6182885.0
1686.00234391385,6035104.0
1701.79060456872,5892183.0
1725.51040049963,5752791.0
1885.51080877731,5616661.0
1909.9560382117,5483118.0
2003.27121075187,5351011.0
2174.19310251224,5222536.0
2439.35189403696,5097581.0
2488.68118548992,4975880.0
2390.65754938662,4857099.0
2467.06102906839,4740450.0
2307.49384399715,4609724.0
2332.28508055953,4462290.0
14318.8389652286,5105525.0
13686.1614090906,5081765.0
13146.6927918545,5059988.0
12242.2098908608,5034320.0
12877.6501010869,4999553.0
12679.5253643093,4957818.0
12468.5654531785,4913177.0
12084.4351325708,4866998.0
11714.7105980803,4818038.0
11422.6735793246,4767119.0
11151.1437869836,4716147.0
11001.5192856643,4663934.0
10612.4694861206,4609833.0
10285.0856660482,4555962.0
2312.13337034704,31165654.0
2227.09845246984,30395002.0
2146.47635317946,29639736.0
2055.08483996432,28915449.0
2093.09994335779,28193009.0
2013.32307598499,27464173.0
1972.81431788947,26733372.0
1889.27777949938,25989405.0
1814.71855088017,25246342.0
1742.53693001178,24527395.0
1632.32712787006,23939775.0
1503.43433046682,23467078.0
1426.46463864534,22982000.0
1540.52927270246,22488065.0
17147.1660226623,3859686.0
16616.3915356348,3855641.0
15394.4707328085,3878981.0
13544.9715102628,3914206.0
14641.2298817935,3949390.0
14060.7189510749,3988775.0
13485.8816667037,4041407.0
12849.34640034,4106867.0
12285.3032582105,4151725.0
11863.8584044911,4201598.0
11839.2458156921,4233922.0
11780.5330067439,4260368.0
11995.1325319122,4280622.0
11965.4854792127,4295427.0
7433.42885399673,11019931.0
7552.33152218841,11059820.0
7379.01400369289,11122168.0
7252.31672155863,11176354.0
8124.75282059108,11202846.0
8120.43123558256,11227118.0
7927.27769340823,11247829.0
7774.0698462623,11265612.0
7727.91997207998,11275065.0
7392.48324633027,11285775.0
7307.82004410741,11298167.0
7109.24834185635,11303175.0
6902.16397571139,11301571.0
6716.49048497058,11297409.0
17363.1343697039,155800.0
17307.719460018,149996.0
15787.3376825672,152369.0
14901.2436825212,154947.0
17980.5299262806,157441.0
18355.1767135889,159336.0
18651.4798142441,160175.0
18953.0537415003,159664.0
19361.8130008678,157980.0
19529.5286704975,155909.0
19921.4770634064,153822.0
20277.5111916571,152088.0
20518.0986087103,150831.0
20706.4374577658,148703.0
32340.841796875,1344976.0
31967.541015625,1331370.0
30228.03515625,1317309.0
27391.591796875,1302247.0
28625.779296875,1286671.0
27406.4765625,1270737.0
26105.5859375,1254275.0
24916.6328125,1237112.0
23487.228515625,1219502.0
22581.828125,1201801.0
22738.490234375,1183895.0
24285.49609375,1165397.0
25538.78125,1146493.0
26090.048828125,1127816.0
20251.7485519779,10864042.0
20627.348651011,10672118.0
20373.8783043424,10505772.0
19233.1469549829,10697858.0
20360.0599221814,10671870.0
19736.6295261285,10629928.0
19257.6930680911,10594438.0
18359.0978103904,10566332.0
17931.5987670768,10546059.0
17118.0425571578,10525347.0
16759.7808635642,10514272.0
16772.3539223328,10510785.0
16926.2846674435,10496088.0
16665.9317825137,10474410.0
61295.9818625045,5946952.0
60248.671222365,5903037.0
59803.9202218941,5856733.0
55934.5555945523,5831404.0
57114.6227336347,5814422.0
56355.0733084714,5793636.0
55601.0145717787,5764980.0
54300.2039621991,5728010.0
53094.0133607574,5683483.0
52368.3625969272,5643475.0
51970.3909324806,5614932.0
51470.689845427,5591572.0
51667.5313210425,5570572.0
51209.4492757775,5547683.0
3134.30076618172,1152944.0
2959.78673011268,1137096.0
2854.15987035097,1121248.0
2773.40661780097,1105188.0
2781.94350113484,1088709.0
2677.1650334451,1071882.0
2596.45134698268,1054841.0
2502.85181449431,1037653.0
2376.12554719873,1020313.0
2253.14082249768,1002717.0
2140.13769442336,984824.0
,966747.0
,948558.0
,930251.0
8946.98822588042,66510.0
8590.92209069816,66826.0
7738.31730070386,67202.0
7302.94454951254,67573.0
8624.51695993537,67880.0
8261.16492553236,68174.0
7985.6341102129,68496.0
8499.52291903149,69606.0
8282.59874702141,70410.0
8576.26367623609,70373.0
8459.6586988024,69715.0
8532.34388117289,69118.0
8553.8384670104,69053.0
8574.27308682238,68859.0
8809.96335385949,11331265.0
8698.13592094395,11230734.0
8344.90510312395,11123476.0
7395.8734262396,11008300.0
8117.04639185786,10894043.0
7818.70593240469,10782053.0
7379.39978067137,10666843.0
7177.75376475488,10551430.0
6800.95309395474,10434829.0
6430.27811051339,10315528.0
6075.03399972737,10193833.0
5860.29893321013,10070411.0
5773.57403459156,9945621.0
5666.45633430206,9820175.0
6174.81822806637,17980083.0
6107.49495006543,17823897.0
5815.09477390949,17682454.0
5355.68934196443,17546065.0
5971.38938386723,17340021.0
6063.0956178776,17049547.0
6104.27253521751,16759519.0
5849.13587933672,16505139.0
5976.1596805651,16266225.0
6055.04172761485,16035124.0
5893.32172683036,15807128.0
5579.85624282158,15572194.0
5359.45724615639,15326227.0
5022.20374387205,15076695.0
4111.3118478995,114535772.0
4029.78295457978,112618250.0
3837.31992324447,110957008.0
3770.86947867421,109315124.0
3701.2446345188,107553158.0
3568.63966286161,105682094.0
3452.90961245539,103696057.0
3381.22246306207,101644589.0
3306.98159414141,99597342.0
3235.66246235257,97528654.0
3216.3783902629,95333553.0
3220.99194203067,93161001.0
3222.37650111856,91093059.0
3233.84521246786,89196072.0
4489.17787712717,6309624.0
4355.96083888359,6280319.0
4247.54750394978,6255782.0
3808.53195436409,6234673.0
4143.11437097867,6222318.0
4046.16291720583,6219807.0
3954.84014277572,6213533.0
3875.84691357954,6200800.0
3790.34089108162,6183676.0
3713.94992016222,6162955.0
3665.1547327058,6138839.0
3601.44222914588,6113975.0
3514.069144355,6090127.0
3398.49346060363,6068249.0
5118.21986148331,1847549.0
5524.24312418579,1803545.0
5487.92479201992,1758786.0
5575.26241511492,1716468.0
6018.12066321865,1670177.0
6578.90039765711,1616422.0
7259.10936454803,1562396.0
7971.83401904573,1508186.0
9068.91003238645,1453923.0
10363.4872473549,1399828.0
10731.6455729191,1346218.0
11650.7196270884,1293483.0
11203.9073679091,1241835.0
10984.3243932426,1189085.0
,3470390.0
,3409447.0
,3350183.0
,3291271.0
,3240194.0
,3192760.0
,3150347.0
,3124698.0
,3105546.0
,3095173.0
,3074360.0
,3036988.0
751.374899794668,2998485.0
703.877374381654,2945186.0
20123.4227027316,1370286.0
21080.6531409009,1348840.0
21351.3954794853,1330932.0
19946.945696898,1329522.0
20579.8756732376,1326898.0
19914.3454922878,1321977.0
19270.8141210511,1317384.0
18264.9873304279,1315790.0
17722.1557669523,1315407.0
17413.6867560212,1314545.0
16809.5326683781,1317997.0
16460.6843479001,1322696.0
15820.922342204,1327439.0
14657.939813612,1331475.0
3771.33819773849,1230506.0
3680.42326804666,1218917.0
3676.8490229898,1206593.0
3596.06416104047,1192729.0
3742.38415901165,1179874.0
3560.81449068718,1168929.0
3584.61802626857,1158195.0
3559.85099149342,1149507.0
3420.75357067279,1142813.0
3371.35427308353,1136299.0
3342.18695835877,1129990.0
3235.47890805132,1123863.0
3086.37215510448,1117833.0
3035.32777964884,1111650.0
876.168528913325,128691692.0
843.648005300445,125384287.0
822.305881122416,122138588.0
799.47559527955,118917671.0
774.512169656681,115737383.0
734.227726647201,112664152.0
706.164227383539,109666481.0
662.32729587522,106718162.0
621.845673808133,103867135.0
578.632922927814,101115610.0
539.072451759432,98438751.0
500.91935528473,95798767.0
474.159034335212,93149970.0
438.78661648794,90538514.0
58711.4748690929,54439.0
57829.4905587025,53927.0
56495.2991897127,53305.0
54299.5934165413,52567.0
56028.4173545459,51793.0
54433.5931539501,50996.0
53831.0294952424,50180.0
52757.3960429144,49464.0
52635.0375463609,48901.0
52644.7898999399,48428.0
50120.7530887167,48246.0
47303.8655939098,48291.0
43946.251738291,48543.0
42333.5215714088,48657.0
5736.82886448243,924145.0
5362.78680848613,919422.0
4489.96060809938,916711.0
4729.3813108251,914963.0
5701.10435269429,914899.0
5720.21447177107,917180.0
5500.67840152348,918759.0
5218.85823412744,919166.0
5097.53106864695,918578.0
4883.24300436249,917585.0
4630.35126544716,916352.0
4427.97844455036,914918.0
4375.58085420338,912989.0
4272.35915090198,910419.0
45353.4530466713,5583911.0
46016.1492103929,5556106.0
45792.0454180872,5541017.0
44690.9801103074,5529543.0
45898.5708448954,5521606.0
45337.2409550575,5515525.0
44862.220404205,5508214.0
43529.6761616969,5495303.0
42560.3456767103,5479531.0
42502.4880199858,5461512.0
42883.6384986417,5438972.0
43507.9345371578,5413971.0
44391.4535667984,5388272.0
43556.5385834368,5363352.0
39117.4845032233,68287487.0
38881.2230613595,68065015.0
38030.8571685178,67842811.0
35709.2045925926,67601110.0
38705.2072940618,67382061.0
38062.4435961412,67158348.0
37580.5979329356,66918020.0
36920.5342846914,66724104.0
36702.4323733379,66548272.0
36444.3949089146,66312067.0
36256.086680981,65997932.0
36161.2918253465,65657659.0
36269.9561530888,65340830.0
35578.1968010183,65026211.0
21592.7969445558,281118.0
21019.8374847547,280378.0
20163.2925023796,279792.0
19790.8686331117,279209.0
21305.5211608622,279034.0
20687.4899594195,279815.0
20287.7685831663,280087.0
19516.0718353276,279178.0
19166.9594761931,277866.0
18928.1858620128,276387.0
18930.1268887012,274728.0
18968.4422157904,273084.0
19241.6437951625,271727.0
19913.0252687915,270580.0
6541.69710787282,2484789.0
6527.48207901861,2430747.0
6479.0490069252,2376722.0
6534.27966529444,2322539.0
6817.56879468764,2267706.0
6724.5961429108,2212318.0
6840.05959347802,2156900.0
6991.3251446736,2100306.0
7047.12654634355,2040989.0
6998.60545439576,1978399.0
6938.25753862236,1913059.0
6803.22668079211,1846889.0
6699.23394606512,1781985.0
6481.49612073562,1719879.0
727.838723407125,2697845.0
710.686979384658,2636470.0
689.49323955737,2576010.0
670.758642891251,2515733.0
682.797642940426,2456844.0
658.127833258563,2399632.0
628.777299272925,2342189.0
615.193365494386,2283769.0
619.536364296461,2224529.0
611.879472952196,2164528.0
638.522368532214,2103820.0
639.139881889048,2043094.0
625.464360270983,1983784.0
701.014524591061,1926630.0
6180.6206023429,3715483.0
5736.30449578597,3712502.0
5175.19865185825,3708610.0
4659.60925318234,3722716.0
4975.81148194814,3720161.0
4713.65354845303,3726549.0
4442.50744127374,3728004.0
4225.09154904806,3727505.0
4086.6223465965,3725276.0
3960.35080091901,3719414.0
3806.50600649051,3717668.0
3609.780798626,3728874.0
3362.1030031968,3756441.0
3090.06513662318,3786695.0
44008.131158562,83901923.0
44180.4298386858,83797985.0
43898.7713207389,83196078.0
42362.6472083477,83160871.0
44207.6320584483,83092962.0
43874.0130996238,82905782.0
43520.1864273682,82657002.0
42528.0637054999,82348669.0
41911.0109851054,81686611.0
41588.0763814971,80982500.0
40875.0262868442,80645605.0
40829.0348938423,80425823.0
40712.6577301892,80274983.0
38517.4397880176,81776930.0
2091.8133564595,33787914.0
2067.20895910766,33149152.0
2030.04866500967,32518665.0
1970.19411460398,31887809.0
1999.55372220211,31258945.0
1915.4532323781,30637585.0
1841.44636153249,30008354.0
1740.81101902928,29356742.0
1722.77282833606,28696068.0
1726.36930134647,28041592.0
1718.59704769958,27386193.0
1640.54072088003,26734268.0
1537.81834019283,26095088.0
1381.2279503506,25474995.0
,38471.0
,37609.0
,36858.0
,36173.0
,35494.0
,34854.0
,34245.0
,33658.0
,33193.0
,32813.0
,32407.0
,32029.0
,31660.0
,31248.0
21139.1917042145,10405588.0
20595.4952639016,10436882.0
19232.9683327114,10569207.0
17486.951333323,10698599.0
19216.6759579785,10721582.0
18769.0389621976,10732882.0
18352.0884461258,10754679.0
18049.928997892,10775971.0
17980.7298238137,10820883.0
17903.5252440012,10892413.0
17644.8766635021,10965211.0
17924.6620496886,11045011.0
19448.255802525,11104899.0
21547.724178239,11121341.0
49929.7755428605,56865.0
49679.3365414895,56661.0
48709.9339758895,56653.0
48169.9406957389,56367.0
48170.7896955512,56225.0
47012.9860350276,56023.0
46597.9452470348,56172.0
46561.7831434013,56186.0
44536.3549705377,56114.0
45545.1429414917,56295.0
43338.3839246907,56483.0
43655.7004664255,56810.0
42994.8790874739,56890.0
43481.5161087805,56534.0
9832.25221076638,117081.0
9406.19337643226,116913.0
8781.46248494156,116688.0
8413.28335500372,116341.0
9785.56040240592,115981.0
9744.16919577204,115691.0
9357.40728883583,115438.0
8983.68397337899,115130.0
8694.12438005692,114676.0
8206.62862112333,114132.0
7688.75297701343,113487.0
7559.5628483956,112775.0
7695.37616017287,112079.0
7670.71165827663,111586.0
,166506.0
34627.9862781837,165180.0
33239.4846327875,163730.0
32884.8852646787,162158.0
36830.1264410973,161808.0
35731.2203743081,162679.0
35850.9025520506,163490.0
35373.8483143417,164233.0
35165.7014644795,164905.0
34755.2691107298,165486.0
34044.3190415455,165966.0
33404.9317636913,166331.0
32665.3787483379,166543.0
32644.1484056205,166522.0
4470.70711139938,18124838.0
4385.14877653813,17847877.0
4268.62845750072,17598650.0
4005.83899362197,17357325.0
4139.12192015295,17103803.0
4040.21201847257,16845685.0
3972.74046241476,16567357.0
3924.77883374916,16268760.0
3893.50522093509,15971743.0
3809.61576952923,15681725.0
3717.30452279907,15387337.0
3655.57305351208,15089647.0
3621.37399426819,14792126.0
3546.62571493701,14500112.0
1016.88094800324,14405468.0
987.502501465337,14055137.0
973.646890096159,13710513.0
945.570903389665,13371183.0
926.42221954853,13034346.0
899.907328045175,12704774.0
867.907502577607,12385659.0
807.236421043888,12073030.0
747.356966759448,11767070.0
738.272274481308,11472924.0
729.833143236326,11191873.0
719.505916794546,10921581.0
696.199991395571,10656810.0
675.736917327708,10396086.0
766.829225369396,2153339.0
750.731145294061,2105529.0
727.143395595501,2058841.0
706.600783420096,2013255.0
707.896202374227,1967696.0
686.456819839526,1922168.0
677.466131311367,1877072.0
663.242608032005,1831893.0
645.066837207039,1786457.0
623.610159103365,1741122.0
634.095456089352,1695973.0
630.66862302825,1651417.0
658.953470528116,1608076.0
625.904027290582,1566347.0
23101.3538282741,826353.0
17365.3336428642,821637.0
10711.9973374148,815482.0
9010.61000469878,807481.0
6278.63054079553,807665.0
6080.90612132746,791556.0
5997.18271426826,768479.0
5818.61682204646,763548.0
5640.41560569466,758781.0
5635.71704117947,754229.0
5573.3421790463,750021.0
5403.79899428921,746288.0
5133.89539813637,746153.0
4860.09110980566,749256.0
1219.11871645847,11637398.0
1256.72143592448,11503606.0
1292.71954963551,11374586.0
1331.69778506932,11243848.0
1394.42114071112,11105163.0
1437.35251928349,10962362.0
1432.67228609541,10817754.0
1416.74881879698,10671457.0
1411.12684746796,10523242.0
1411.76834802154,10373235.0
1392.38204736859,10222362.0
1354.88546124499,10069771.0
1369.16921255852,9914904.0
1317.58389339746,9803294.0
2527.27366333188,10644851.0
2482.22384904714,10463872.0
2423.76634916911,10289877.0
2189.43168668222,10119640.0
2447.61649282181,9943633.0
2430.13503657762,9765210.0
2383.37398439714,9588137.0
2315.72983058198,9412380.0
2271.20265980349,9237305.0
2229.24772232218,9063122.0
2205.40126728067,8889278.0
2188.39378817891,8715076.0
2144.56265540491,8540583.0
2108.47314459603,8365878.0
43546.7126755046,7536100.0
43281.7214533226,7346100.0
44530.9483473055,7413100.0
41451.3262581172,7481000.0
44195.2969768982,7507900.0
45280.5051888948,7452600.0
44380.8145772171,7393200.0
43087.5489578666,7336600.0
42432.1619740441,7291300.0
41796.8665669247,7229500.0
40959.9781577833,7178900.0
39887.8335718295,7150100.0
39656.3437262937,7071600.0
38090.0349982822,7024200.0
16389.3914509189,9592186.0
16506.4721041768,9605074.0
15787.9535427563,9630932.0
14664.2971195385,9670419.0
15290.8085466331,9694824.0
14533.7783144312,9706964.0
13734.2442804335,9726756.0
13145.6559885563,9759755.0
12782.9412577973,9797755.0
12287.3779441033,9833038.0
11729.5720798501,9872734.0
11440.7622718825,9920362.0
11536.3578996772,9971727.0
11287.3686666108,10000023.0
59307.182202664,393349.0
57804.7610694483,382003.0
54392.3831477619,372520.0
52641.7234922236,366463.0
57493.4195273629,360563.0
57697.8044156909,352721.0
56501.4576670531,343400.0
55513.6423111384,335439.0
52951.6815110898,330815.0
51233.2440371844,327386.0
50946.816244297,323764.0
49191.5744141001,320716.0
48933.5456639925,319014.0
48193.7014101286,318041.0
2270.9051808027,1438069596.0
2098.2112447615,1425423212.0
1965.30943437506,1414203896.0
1806.50110583878,1402617695.0
1936.03067741067,1389030312.0
1883.35772705062,1374659064.0
1788.69770318446,1359657400.0
1694.46534973825,1343944296.0
1583.99815907985,1328024498.0
1484.31640682913,1312277191.0
1399.4537980287,1295829511.0
1333.09626557668,1278674502.0
1281.61054354933,1261224954.0
1235.15939133951,1243481564.0
4192.65167890692,281190067.0
4024.91225288391,278830529.0
3850.68877253903,276758053.0
3739.44906563161,274814866.0
3850.90321738979,272489381.0
3701.32155461912,269951846.0
3553.51999262321,267346658.0
3416.81005170972,264627418.0
3288.22269725538,261799249.0
3170.72103011429,258877399.0
3055.24246006469,255852467.0
2930.518445323,252698525.0
2799.62468790318,249470032.0
2670.8129098953,246305322.0
5667.52646126961,90608707.0
5460.69457075433,89524246.0
5325.54680453553,88455488.0
5127.95975696418,87723443.0
5000.98599002449,87051648.0
5215.34606957702,86117998.0
5381.18709991831,85026754.0
5312.61724954192,83812228.0
4952.73355532178,82619362.0
5093.20319702186,81502045.0
4916.97291948474,80414686.0
5058.64637811833,79370580.0
5321.75870744451,78383598.0
5249.06133359393,77420842.0
4337.08705324182,45074049.0
4412.99733146512,44070551.0
4182.5006404573,43071211.0
4213.99843766061,42116605.0
4898.14897652265,41192171.0
4749.00921836896,40265624.0
4736.32710809857,39337353.0
4932.9272911439,38469627.0
4440.14189252367,37560535.0
4446.97343234862,36550059.0
4504.82687537354,35281989.0
4387.90469058707,33654842.0
4030.01686860986,32161424.0
3881.94327045302,31045366.0
91647.7687003945,5307600.0
98776.1598658208,5212836.0
92757.2299985155,5110585.0
80908.7924330406,5039747.0
76464.5428903812,4976456.0
73960.9612252979,4898022.0
69777.9773596176,4827445.0
64267.5727331783,4762722.0
64311.8234684057,4701957.0
52098.1049907962,4657740.0
47999.1238187925,4623816.0
47217.44319652,4599533.0
47607.8853496781,4580084.0
47040.3543944159,4560155.0
,84165.0
86103.3379308107,84132.0
89873.5420093569,84106.0
86595.0676099275,84064.0
95110.1385990737,83957.0
95040.4061748938,83805.0
93200.3108083857,83609.0
90783.7647245394,83466.0
84753.5187422732,83593.0
84778.5806639347,83892.0
80383.8273088527,84141.0
77009.2978612012,84335.0
71727.5055082703,84382.0
70747.8417587183,83873.0
42011.6213954855,9849000.0
42516.3888090274,9557500.0
40804.9689802536,9371400.0
37935.5432717179,9215100.0
39407.2016076709,9054000.0
38729.6426036983,8882800.0
37963.0491190696,8713300.0
37093.7879065422,8546000.0
36213.1041481958,8380100.0
36129.3146105805,8215700.0
35489.5086561247,8059500.0
34738.6587001,7910500.0
34540.6749784398,7765800.0
33344.7213294093,7623600.0
34146.0232257736,58993475.0
33891.8866526216,59013667.0
32267.7091050201,59133173.0
29469.7989238626,59438851.0
32180.4341017428,59729081.0
31819.3971830067,60148658.0
31635.52277108,60002252.0
31077.6792675211,60115223.0
30639.8829751432,60229605.0
30325.0287793923,60320707.0
30330.0221599668,60311613.0
30953.4147447427,60191247.0
32039.5032494316,60026841.0
31928.5543621096,59819407.0
5349.71177670235,2839786.0
5215.08605772144,2839144.0
4958.84580039288,2837682.0
4752.33340904481,2830739.0
5289.65490884076,2823271.0
5248.77400708373,2820097.0
5159.34335938187,2815764.0
5119.03970443981,2809915.0
5062.8955502426,2802534.0
5032.44261647028,2793749.0
5016.03133158485,2783687.0
5010.45966015885,2772430.0
5063.19378701103,2760494.0
4998.66716716921,2748568.0
36952.5150709861,124516650.0
36238.3294895302,125124989.0
35741.1601062924,125681593.0
34642.9718743239,126261000.0
36043.7844013518,126633000.0
36138.5290824814,126811000.0
35861.9728545672,126972000.0
35242.199377148,127076000.0
34960.6393843385,127141000.0
34386.9058552671,127276000.0
34239.8862473488,127445000.0
33518.4449368599,127629000.0
33011.1342301291,127833000.0
32942.2020783835,128070000.0
3958.23043952182,11439213.0
3909.80228869045,11256263.0
3874.32714084633,11066356.0
3806.87949354914,10865228.0
3919.06426916073,10671891.0
3928.77026821205,10462306.0
3940.70199181145,10234226.0
3933.14704611068,10006367.0
4042.75678097555,9544729.0
4282.11872849239,8791710.0
4556.52023716712,7991809.0
4677.47613977192,7587127.0
4631.67703841605,7480424.0
4621.5742854131,7297043.0
11453.395272565,20330104.0
11058.3482413407,20034609.0
10873.3915275276,19743603.0
10565.0359816235,19482117.0
10989.6840718388,19209555.0
10670.2120148279,18932727.0
10404.2718646317,18651931.0
10151.423313302,18363600.0
10196.1226255982,18084169.0
10226.7100539683,17816285.0
9959.72586930534,17556502.0
9531.91477617058,17306106.0
9223.3021336315,17066002.0
8704.70655484556,16836810.0
1808.40479129677,55339003.0
1747.53198804428,54252461.0
1698.89578271444,53219166.0
1609.33414078281,52217334.0
1645.70961777862,51202827.0
1596.69045914945,50207107.0
1542.33773973372,49197766.0
1517.97796057742,48139687.0
1489.11959777284,47088526.0
1450.59338202277,46051440.0
1413.94142522583,44986791.0
1396.30178709756,43888303.0
1370.58000874482,42758461.0
1340.16467408856,41598567.0
1968.80992017133,132530.0
1948.24330263386,130469.0
1893.52679117878,128377.0
1777.04492498977,126099.0
1835.2200203881,123921.0
1803.94853904977,122084.0
1769.51178893032,120275.0
1731.43702001694,118478.0
1639.85274740652,116815.0
1492.8508200481,115326.0
1493.49148676402,113838.0
1405.5029344967,112284.0
1348.0602369873,110647.0
1328.78776438805,108704.0
,26418204.0
,26328845.0
,26232534.0
,26136312.0
,26037632.0
,25931147.0
,25817709.0
,25698326.0
,25575350.0
,25451262.0
,25329451.0
,25211728.0
,25097874.0
,24987258.0
34121.0211756766,51712619.0
33690.3788793046,51672569.0
32771.0724243229,51769539.0
31378.1579340648,51836239.0
31645.9498343307,51764822.0
31059.2668087927,51585058.0
30312.8888500809,51361911.0
29467.124342556,51217803.0
28737.4391706499,51014947.0
28100.0102759544,50746659.0
27399.6159477521,50428893.0
26680.2754448705,50199853.0
26191.6442615421,49936638.0
25455.6174843658,49554112.0
5102.74914613981,1682668.0
4666.3913779077,1768096.0
4429.87597525975,1786079.0
3990.94613053859,1790151.0
4219.06693858503,1788891.0
4009.12140760339,1797086.0
3890.17807271082,1791019.0
3739.17562318261,1777568.0
3520.62850699375,1788274.0
3279.02499043758,1812788.0
3163.47189486431,1818119.0
3021.35142613995,1807126.0
2995.64952029477,1791949.0
2822.63359634011,1788743.0
24716.1968291611,4853420.0
26579.8322106354,4589643.0
26203.2617890389,4360865.0
25541.4107576862,4400267.0
26580.2264983898,4442316.0
26706.0192323243,4323515.0
27048.3707374372,4154812.0
29454.4426854538,4004096.0
29882.2126867068,3834574.0
31073.1537945892,3665876.0
32311.1800455136,3507844.0
33578.3310729295,3337109.0
33545.346320878,3132814.0
32568.4982426309,2943372.0
1298.25724482211,7099750.0
1212.17812721768,6975220.0
1132.5546781282,6851224.0
1093.32856461422,6726596.0
1201.87701429721,6590211.0
1175.0712778747,6444079.0
1157.18275758067,6306696.0
1128.3161612818,6175338.0
1105.65193844261,6040036.0
1088.58214229508,5905848.0
1069.78404438716,5777150.0
985.8472865972,5652076.0
1005.4831781815,5546587.0
962.764789828724,5467059.0
2648.88726608035,7664993.0
2589.05015191628,7559007.0
2556.58912640405,7453194.0
2529.74622698761,7346533.0
2554.95638019245,7237636.0
2459.97874636195,7128045.0
2351.57441747595,7018147.0
2234.76098741846,6908802.0
2121.01339097363,6801645.0
2006.31195444447,6703172.0
1890.27861294875,6611385.0
1774.63585203672,6518978.0
1666.40086189871,6426590.0
1564.91068311647,6334194.0
16890.6283099707,1877445.0
16404.9770631465,1879383.0
16070.1680032322,1884490.0
14900.7295718866,1900449.0
15328.3859933295,1913822.0
15120.0698171804,1927174.0
14382.8612727134,1942248.0
13787.3367440023,1959537.0
13321.9753140616,1977527.0
12731.6771959342,1993782.0
12353.5386135301,2012647.0
11971.0107466522,2034319.0
11018.5152421583,2059709.0
10500.8666223014,2097555.0
5834.63415739394,5773493.0
5909.03651555028,5744489.0
5973.41933892988,5718122.0
6440.82843092922,5702398.0
8064.04873416236,5794594.0
8388.7235123835,5984119.0
8305.57405425721,6160128.0
8019.1416913426,6323060.0
7714.1099998804,6472469.0
7830.4151113336,6346990.0
8443.53856528784,5743436.0
8920.8056984673,5235742.0
8936.20027462737,5096020.0
8955.54336184707,5041288.0
974.382482849023,2311472.0
967.51928598325,2286110.0
955.221236301503,2261542.0
944.834118658555,2235727.0
1040.99351014117,2209405.0
1068.44462913373,2183603.0
1097.82166812752,2157110.0
1147.58748801671,2130422.0
1121.19851342518,2104611.0
1100.04993684215,2080089.0
1093.95323489272,2056504.0
1086.39034816283,2034354.0
1031.99721564343,2014009.0
995.233432451681,1996251.0
653.329188343162,5493031.0
638.005183858289,5373294.0
621.927983063426,5259323.0
605.025475431411,5149463.0
636.699384824869,5043721.0
665.875439637137,4944726.0
671.260899835355,4848925.0
668.031513175601,4755608.0
692.590082351257,4659431.0
707.157694930142,4564293.0
717.007280358975,4470239.0
674.360011422232,4373043.0
646.908727016597,4221178.0
621.783295071575,4058890.0
7633.45142779936,7305659.0
7008.20648391963,7223805.0
7733.39007562927,7135175.0
6102.79864032512,7045399.0
8768.4104874586,6951033.0
10020.9165751361,6849055.0
9435.60060040046,6738770.0
7236.16409923502,6632126.0
7458.48917756374,6531819.0
7644.24843947404,6427252.0
10126.314927806,6304628.0
12599.258882136,6179328.0
6569.59477578957,6343203.0
12913.9334939386,6497839.0
,39850.0
,39493.0
,39182.0
,38901.0
,38563.0
,38246.0
,37962.0
,37716.0
167187.15730982,37494.0
,37248.0
,36984.0
,36657.0
,36312.0
,36022.0
18685.5523679178,2871585.0
18884.5152531698,2831639.0
18569.7057246217,2808380.0
17443.65526328,2810369.0
17431.7239081591,2811089.0
16604.9021440809,2819200.0
15695.9993288456,2842639.0
14823.107153522,2877325.0
14269.8039878287,2911109.0
13753.1895982305,2937253.0
13145.8069309969,2961250.0
12516.6184065667,2989139.0
11836.7200384033,3028115.0
10884.1161852582,3097282.0
104590.079769081,666430.0
107469.755128407,653103.0
110873.185245175,640064.0
105274.2471768,630419.0
107591.965850496,620001.0
106788.728745199,607950.0
107142.126672598,596336.0
108351.451826983,582014.0
105462.012584423,569604.0
105583.937273429,556319.0
105338.955521681,543360.0
104487.744312565,530946.0
105290.249021891,518347.0
106544.057363484,506953.0
59602.4371924702,678800.0
34121.9031101701,677300.0
42121.7200893806,682500.0
33952.4798688679,685400.0
75835.6453208622,672000.0
79378.1729826817,658900.0
75807.8927510468,648400.0
68570.4684561327,652500.0
70070.2918001631,642900.0
92322.1502647243,621700.0
98998.0880384689,591900.0
93164.0155206906,567900.0
88121.7526560989,549600.0
74158.8818324985,537000.0
445.834551909615,31195932.0
438.516263353783,30437261.0
431.599103078558,29691083.0
422.924255422319,28953556.0
467.27741349648,28219554.0
459.330367799543,27494926.0
456.851859574031,26788375.0
451.15659433146,26099952.0
445.320069480568,25426702.0
443.343869908205,24764348.0
440.674658903628,24109290.0
442.641500123543,23462438.0
441.755158414121,22822300.0
447.417143030687,22183340.0
556.744034805001,21104482.0
560.635759714941,20568728.0
569.968967322435,20047258.0
559.447086086067,19533888.0
569.866249371948,19025752.0
553.528790902088,18528081.0
544.795729220349,18039715.0
538.221990810959,17557739.0
539.605363240686,17085587.0
539.562601918057,16621538.0
525.357645516557,16161816.0
512.74031797451,15709577.0
517.833736624232,15265022.0
508.088650552846,14826463.0
11429.5894122241,35126298.0
11174.2100761842,34695493.0
10388.2667120857,34282399.0
10171.4657842762,33889558.0
10902.9834855856,33440596.0
10610.1950240479,32910967.0
10293.7629205362,32355644.0
9901.47960179812,31789685.0
9648.6797937523,31232798.0
9341.73055971278,30696137.0
8964.80724896203,30174265.0
8710.52671359902,29662831.0
8400.32248683558,29162039.0
8118.92270511981,28655776.0
11415.939508912,525994.0
10939.9963243616,524106.0
9759.22193251033,516154.0
7295.60221324907,502118.0
11194.9253726428,487731.0
10793.8941387462,473099.0
10263.299119384,458287.0
9909.07669383367,443308.0
9644.90655028145,428154.0
9612.07862077246,413617.0
9213.32792208085,400070.0
8907.6613557359,386818.0
9005.81390804487,373674.0
8569.52494527593,360792.0
890.613872535228,23769127.0
876.168301872624,23072640.0
872.332803686266,22388630.0
872.389721102137,21713836.0
909.751069706998,21068405.0
892.978322787306,20442030.0
878.561348378099,19813011.0
860.75307554569,19191289.0
838.11986940103,18593022.0
816.004655542979,18020267.0
782.702450304467,17459615.0
787.149724118126,16957033.0
815.12426700512,16469049.0
809.373887616452,15945198.0
32816.3252635461,552747.0
31979.6090400598,531113.0
31437.5030232122,518150.0
27890.3651055057,515490.0
29522.6524527602,503912.0
29536.8950627078,483903.0
28546.7780455971,467106.0
25969.4410846379,454505.0
25529.6813131565,444220.0
23865.980898379,433481.0
22626.4659542464,424810.0
21529.492771186,420028.0
20867.8390402328,416268.0
20750.6053684063,414508.0
5470.42006850903,38827.0
5516.88000598847,40077.0
5405.2747359006,41367.0
5172.57528216176,42706.0
5162.81500670348,44007.0
4542.34293916308,45285.0
4190.93468589482,46529.0
3946.8444109078,47709.0
3764.34426229508,48800.0
3620.77275283155,49796.0
3602.92811901896,50681.0
3420.91444796671,51419.0
3433.06297801838,51907.0
3441.31888402121,52044.0
1630.27171808744,5022441.0
1576.75624107308,4875637.0
1520.31117904613,4734874.0
1553.30615586591,4600131.0
1605.1352359742,4467708.0
1602.90225649072,4337685.0
1576.06857825162,4210600.0
1528.05152299375,4086657.0
1554.94897871782,3965959.0
1520.64621634902,3848514.0
1502.90142381083,3734318.0
1488.97177557214,3619034.0
1472.55245572229,3502811.0
1460.19179652873,3390965.0
11093.7519139967,1261041.0
10552.2905595266,1262523.0
9679.12123882353,1266334.0
9362.87435896817,1266014.0
10956.9450226163,1265985.0
10652.4836886859,1265577.0
10247.6960577758,1264887.0
9868.32716641952,1263747.0
9507.87133656424,1262879.0
9181.61575362564,1261208.0
8859.2121832294,1258927.0
8591.96715947096,1255882.0
8324.78328337964,1252404.0
8011.45517219702,1250400.0
10253.5262648956,129739759.0
10013.366859074,128613117.0
9728.05680082173,127648148.0
9234.64362409252,126799054.0
10159.4448356722,125762982.0
10296.8690920868,124573711.0
10193.7727202899,123400057.0
10100.5021214851,122251351.0
10021.2386124039,121072306.0
9862.4812527519,119784261.0
9738.71059677222,118343573.0
9782.51776268033,116818208.0
9575.93437796508,115243504.0
9389.06722045352,113623895.0
2930.55143045833,112630.0
2929.91266261092,112114.0
3030.84654184752,111624.0
2958.48866022271,110916.0
3026.12235068898,110282.0
2917.31795034991,109909.0
2928.72277934078,109481.0
2915.62716763945,109075.0
2911.16211045292,108716.0
2790.77010690782,108396.0
2863.90347357213,108121.0
2979.68061790385,107890.0
3041.77717927473,107698.0
2952.11580223798,107540.0
3760.70006337895,2457783.0
3611.95484829954,2528654.0
3688.16729442144,2595809.0
3188.91691602699,2635130.0
3438.67732670712,2664224.0
3267.9961042872,2707203.0
3085.33305844263,2755189.0
2910.95486872376,2803186.0
2749.55137054338,2835978.0
2737.80185056647,2857815.0
2605.85029986142,2859558.0
2389.08666147529,2860324.0
2402.94446306051,2860699.0
2269.51116145996,2862354.0
224582.449752101,38956.0
213937.006283651,38931.0
194674.777609089,38527.0
161262.925884403,38050.0
185582.7556905,38109.0
173041.761057866,38154.0
165781.779121526,37678.0
173120.189785092,37276.0
170437.101188261,36757.0
165288.200345355,36128.0
157167.975027858,35447.0
146472.677860476,34711.0
148272.711991792,33946.0
141814.78664157,33163.0
4456.53627552726,3481145.0
4205.88554513551,3433748.0
4063.53669849245,3383741.0
4066.03410882791,3327204.0
4337.8167085432,3267673.0
4183.85566447661,3208189.0
3956.2049437134,3148917.0
3817.91962716702,3088856.0
3838.92126989984,3026864.0
3830.35892049593,2963113.0
3628.90708069575,2899011.0
3318.16496597089,2839705.0
3010.81642672623,2786317.0
2611.67326563924,2738622.0
8304.2554082997,623529.0
7808.54763337242,623591.0
7321.23528662053,625053.0
6460.59163175748,626590.0
7626.25402306444,626753.0
7332.18614231451,626438.0
6982.94131741672,625982.0
6675.1345781084,625353.0
6491.19280618646,624651.0
6287.46282384571,623744.0
6188.7584890435,622587.0
5987.89159662568,621418.0
6166.20322332653,620345.0
5982.19928466066,619428.0
3403.31982421875,37712505.0
3325.560546875,37329064.0
3309.130859375,36954442.0
3090.89428710938,36584208.0
3364.73950195313,36210898.0
3304.7119140625,35839760.0
3242.64428710938,35446392.0
3124.42504882813,35023457.0
3146.24780273438,34607588.0
3051.458984375,34204780.0
3008.185546875,33787571.0
2927.45043945313,33355241.0
2879.53930664063,32912588.0
2767.04223632813,32467016.0
610.174972826279,33635160.0
596.058889461466,32656246.0
588.215854695416,31707800.0
591.804059985932,30783688.0
617.13932000195,29884380.0
621.153734194787,29018644.0
618.397694360334,28166393.0
620.779714954555,27337105.0
610.563774706589,26547572.0
585.266716133984,25788475.0
559.393953685688,25051611.0
540.2945177803,24337846.0
514.869957191994,23649039.0
494.162859074785,22999235.0
1177.76649645563,54133798.0
1174.76697945755,53756787.0
1136.9956605414,53387102.0
1301.31386350667,53016522.0
1440.98988236734,52640713.0
1361.5683126412,52272247.0
1290.5640902569,51894938.0
1225.37913970989,51495696.0
1166.73305546337,51089056.0
1099.24387750099,50681634.0
1024.69060473254,50262658.0
953.123081923425,49837446.0
895.512538750361,49419820.0
854.932478016035,49024382.0
3977.97779975114,2963095.0
3905.55135201003,2889662.0
3809.80753359714,2810548.0
3787.49943973286,2728762.0
4243.09274481966,2650494.0
4400.47537705743,2577327.0
4476.73324402105,2506853.0
4648.62713460213,2439213.0
4774.10650865775,2374300.0
4701.95694189098,2312139.0
4549.26759093897,2252508.0
4420.96741373862,2194654.0
4302.72451368462,2146325.0
4165.12990200988,2109811.0
8461.97418049015,11875.0
8460.34773930659,11801.0
8282.3668394419,11709.0
7769.40694625475,11643.0
7655.24340340684,11587.0
7124.01760358281,11477.0
7309.38138643462,11324.0
7898.2277010259,11150.0
7703.43149943923,10954.0
7649.08971293174,10742.0
6710.62531212923,10517.0
6632.10607690211,10267.0
5382.45329963983,10098.0
4730.93001061022,10043.0
1136.42769313825,29694614.0
1113.55462341223,29715436.0
1062.7888430629,29475010.0
1031.53618783934,28966574.0
1077.11796498188,28414064.0
1021.91492204011,28079689.0
951.857298563641,28011258.0
875.188943730855,27955462.0
875.543635474862,27823629.0
846.665541773599,27672370.0
801.039060847856,27589996.0
775.310578479839,27534915.0
742.617252662576,27464494.0
721.265221364302,27341952.0
51305.6282773372,17877117.0
51777.5431588864,17700982.0
49780.8440526836,17533044.0
47086.5804192702,17441500.0
49254.0158854264,17344874.0
48463.0299739951,17231624.0
47670.1057253297,17131296.0
46655.0363382039,17030314.0
45793.8135434697,16939923.0
45042.0669545832,16865008.0
44487.03063469,16804432.0
44631.8745388789,16754962.0
45239.7318887962,16693074.0
44659.272839058,16615394.0
,289870.0
,287123.0
,285214.0
,284176.0
,283606.0
,283541.0
,283546.0
,283423.0
30858.7237060533,283168.0
,281224.0
,276822.0
,271633.0
,266543.0
,261582.0
42207.9695672422,5245000.0
42668.0420243621,5117100.0
41273.3820775381,5111300.0
39646.3466853422,5090200.0
40655.0837792873,4979200.0
40371.5456268118,4900600.0
39722.6068434219,4813600.0
39235.3695566636,4714100.0
38665.3723018158,4609400.0
38056.2646732554,4516500.0
37267.6586997514,4442100.0
36607.1493914827,4408100.0
35957.523248516,4384000.0
35489.7631519026,4350700.0
2241.12235476653,6823613.0
2175.73899144405,6730654.0
2128.30881395452,6644741.0
1950.19181218473,6565267.0
2019.91518620044,6483657.0
2107.3396261623,6400080.0
2209.63273423213,6316231.0
2140.14405941606,6232666.0
2074.45620634731,6149417.0
2006.64869646533,6066492.0
1941.45628552626,5983845.0
1876.1759720149,5901287.0
1786.62863418308,5819051.0
1704.37875049059,5737450.0
557.572652727864,26159867.0
566.797962983866,25311973.0
523.263179518652,24502140.0
533.194328910254,23717613.0
532.186024570389,22947757.0
519.546993483886,22188069.0
501.615305462902,21435446.0
495.017437216008,20685753.0
485.662574175279,19939498.0
482.74524741946,19215909.0
469.690214200878,18519898.0
463.066265496402,17836769.0
434.986264873953,17176283.0
441.079166112039,16548835.0
2416.36198205178,227882945.0
2398.98622787065,223150896.0
2372.57314465346,218529286.0
2337.57587388074,213996181.0
2431.53528472982,209485641.0
2431.77857832567,204938755.0
2441.71236404487,200254579.0
2481.81490350326,195443700.0
2585.73360671797,190671878.0
2583.6155695814,185896915.0
2495.34106573748,181049443.0
2403.65387896923,176200625.0
2370.97657091803,171379598.0
2315.46676509662,166642886.0
6393.77346589147,1827816.0
6250.62720952063,1831712.0
6064.92315120022,1837114.0
5743.72649424581,1856124.0
5961.58475399191,1876262.0
5698.39334484489,1889051.0
5510.81862920922,1898657.0
5429.94678358359,1906313.0
5262.68671928674,1912430.0
5053.75001236367,1917557.0
4863.68088666968,1922716.0
4708.05168535923,1929821.0
4711.13027870081,1937398.0
4582.36517512347,1946298.0
,45143.0
19461.8611129744,46078.0
16365.016735395,46979.0
15410.1186923944,47528.0
21451.4401636511,48129.0
23756.6075820248,49077.0
28989.3470221339,49959.0
23158.5744988538,50773.0
17665.1007493109,51514.0
16869.5270385638,52178.0
16015.0349164338,52758.0
15457.4258192247,53234.0
15226.1308805108,53608.0
16293.3059496259,54091.0
78775.8494196261,5519594.0
79620.1635455079,5457127.0
77812.7115614383,5408320.0
75287.2059527598,5379475.0
76712.2871160349,5347896.0
76373.6474606092,5311916.0
76247.4116445341,5276968.0
75017.4944769055,5234519.0
74809.9658049898,5188607.0
74180.3238731011,5137232.0
73515.9144917472,5079623.0
73661.6785830334,5018573.0
72660.6754124944,4953088.0
72804.3956188398,4889252.0
17814.0223918279,5049269.0
18792.4460565306,4730226.0
18291.3387983888,4500424.0
17743.8858800477,4522497.0
18089.586668488,4591241.0
18269.6769435562,4597877.0
18277.945563615,4537396.0
18830.6057208608,4390877.0
18808.3077921839,4184895.0
18726.2026946971,4002439.0
19299.9400516869,3833913.0
19824.1215485946,3547106.0
20993.9079436935,3076763.0
22766.0503620721,2757446.0
1616.39670074066,247504495.0
1642.28066974826,243700667.0
1595.02792175422,239477801.0
1526.00597486307,235001746.0
1573.8330826937,230800899.0
1561.68169819559,226928892.0
1495.26187528032,223273967.0
1452.18658269177,220138869.0
1380.47020838317,217290883.0
1343.30778121043,214264647.0
1309.70080446386,211073978.0
1275.48806898966,207667125.0
1261.83161907857,203746065.0
1256.69482201323,199239047.0
12379.7884074482,17727.0
12129.8009823299,17759.0
12275.2710683481,17783.0
14232.2419350844,17792.0
15135.4875881995,17798.0
15091.7076582015,17814.0
15076.816457849,17812.0
15598.0221837797,17797.0
15690.759707372,17770.0
14546.652453983,17715.0
13937.0796775143,17648.0
14278.8279095543,17765.0
13857.9094931366,18078.0
12955.2695878799,18396.0
16872.8834654731,4458759.0
15917.427539403,4400773.0
14552.9401574302,4345405.0
12647.082664124,4293261.0
15602.5420867199,4234700.0
15375.6435074101,4167860.0
15045.5456426827,4098707.0
14474.1243636349,4029086.0
14082.6548502728,3960035.0
13611.5490809559,3892101.0
13236.8306754449,3825329.0
12668.2945474105,3759256.0
11761.4988547604,3693505.0
10698.0717633911,3628535.0
2515.29070398356,10389635.0
2467.23488790877,10203169.0
2378.3716816549,10012896.0
2438.61137922293,9815746.0
2572.56177967896,9609010.0
2518.45899317321,9394513.0
2584.8883636271,9178714.0
2557.09463030035,8961718.0
2484.5963398603,8743246.0
2391.3578028163,8523441.0
2162.10592595591,8302698.0
2139.48096660428,8081390.0
2102.03192060639,7859346.0
2140.50939027384,7633523.0
6449.23028812992,6844146.0
6218.19790694024,6760464.0
6278.11006663828,6684182.0
6109.19608100615,6603739.0
6243.53620897773,6515058.0
6354.2392005297,6427382.0
6243.13363139058,6338660.0
6041.95879367268,6249126.0
5879.33792308671,6159103.0
5794.47644401603,6069811.0
5583.12274473463,5982445.0
5230.26244858764,5897008.0
5342.19015717376,5814626.0
5191.05014254402,5737971.0
6568.0002779793,33845617.0
6667.51695632036,33475438.0
6547.84718181776,33155882.0
5831.83024758521,32838579.0
6626.26083494969,32449303.0
6593.14437459526,31897584.0
6457.41940254721,31324637.0
6392.25474941014,30866494.0
6231.71150338894,30457600.0
6103.91864749969,30115826.0
6021.46142765232,29817919.0
5740.04346272472,29550366.0
5453.45718713631,29304086.0
5167.39259325937,29086019.0
3744.69763802928,114891199.0
3577.70136573244,113964338.0
3350.97587587776,113100950.0
3198.66690008413,112081264.0
3575.88170922922,110804683.0
3410.93647976109,109465287.0
3247.4503878362,108119693.0
3076.3374186759,106735719.0
2909.85818010301,105312992.0
2776.92005909479,103767130.0
2654.41506933978,102076336.0
2533.74141964959,100175512.0
2416.75212064542,98248614.0
2373.14312064664,96337125.0
17410.3830137066,36687353.0
17303.64494323,36821749.0
16368.6239689025,36981559.0
15090.2228440113,37515748.0
15221.3090624454,37965475.0
14551.0850277089,37974750.0
13695.6452848724,37974826.0
13026.1858988718,37970087.0
12637.5220324406,37986412.0
12093.1622787394,38011735.0
11628.2286809525,38040196.0
11542.2353368014,38063164.0
11370.313427173,38063255.0
10808.3975674238,38042794.0
22311.3052246654,10578174.0
22042.8682074432,10434332.0
20747.6991633543,10361831.0
19778.7138519007,10297081.0
21569.1874639961,10286263.0
20997.7744918249,10283822.0
20364.1963666527,10300300.0
19662.8231226536,10325452.0
19215.7813014347,10358076.0
18836.8967994149,10401062.0
18597.7214646143,10457295.0
18679.7626802294,10514844.0
19389.6395868833,10557560.0
19698.6836746927,10573100.0
29943.3854973969,3203792.0
29643.7408907829,3220137.0
28416.6231262223,3262711.0
28144.7223184239,3281590.0
29185.0969964707,3302691.0
28808.8518638025,3290690.0
29061.5563802711,3410837.0
29326.5748761873,3480432.0
29242.041465085,3535167.0
29141.2038639816,3585017.0
29115.3549161996,3631427.0
28968.6942131352,3661045.0
28706.0207514856,3693464.0
28569.5077088001,3724465.0
65111.033321485,2656032.0
64315.6263643699,2657333.0
65488.5117911123,2504910.0
57769.604104354,2794148.0
63430.4607609581,2638657.0
64410.8171280981,2580734.0
64497.6987225375,2545820.0
67294.4585771356,2477113.0
68985.2946961507,2344557.0
71756.0649338302,2151745.0
76486.9692979253,1916426.0
80621.8607158041,1722438.0
81608.5716870182,1624761.0
72333.9848623762,1616832.0
12399.0008278388,19059479.0
12114.8715109948,19048502.0
11607.9771173075,19122059.0
10916.3126056493,19265250.0
11270.4758020159,19371648.0
10788.015091463,19473970.0
10106.2269557253,19588715.0
9286.87678236598,19702267.0
8977.01748158196,19815616.0
8661.47397274241,19908979.0
8287.95844089676,19983693.0
8234.28553425194,20058035.0
8044.57194920892,20147528.0
7660.70667630517,20246871.0
10562.0263671875,143826130.0
10119.0625,144236933.0
10231.318359375,144746762.0
9632.3251953125,145245148.0
9882.0244140625,145453291.0
9674.787109375,145398106.0
9418.9140625,145293260.0
9269.3193359375,145015460.0
9277.7138671875,144640716.0
9493.8125,144237223.0
9601.537109375,143805638.0
9464.0107421875,143378447.0
9120.8203125,143018195.0
8755.1201171875,142849468.0
1004.33216719782,13954471.0
948.413687606773,13651030.0
896.271034197517,13355260.0
826.391308275017,13065837.0
874.639659543485,12776103.0
817.578437867905,12487996.0
771.069238049151,12202060.0
759.606288682716,11919183.0
733.998630392314,11640022.0
690.61039542404,11364757.0
666.408789246049,11093340.0
651.852819118597,10829901.0
614.539650549868,10573733.0
583.371416824681,10317553.0
4026.10094270386,216663.0
3710.62462714769,215261.0
3945.71948874755,213779.0
4283.07280337978,211944.0
4466.08075482035,209780.0
4321.00518344962,207582.0
4393.37316255965,205415.0
4373.23792440391,203499.0
4084.36083819933,201782.0
3967.23730470679,200037.0
3976.39289268132,198268.0
4007.91092846814,196498.0
4201.45663738908,194713.0
4081.15535978003,193023.0
,33860.0
51277.3460993917,33755.0
46834.1395065822,34252.0
40506.8521137898,34770.0
43525.4225717352,34663.0
42818.6962696679,34522.0
43057.7784775102,33825.0
43886.2146896896,33101.0
43146.8240435428,32897.0
42492.8509160139,32655.0
42293.4870685544,33041.0
42082.5554467713,33469.0
46450.0251706982,32620.0
49672.6977770841,33270.0
1380.60169416257,230871.0
1403.23356704678,226305.0
1428.28676097975,221961.0
1430.84119299096,217435.0
1420.66008316091,213392.0
1413.84348618541,210187.0
1375.59403284199,206970.0
1342.533807689,203689.0
1298.10946596396,200291.0
1301.32146445028,196767.0
1263.70423995281,193148.0
1225.6945255615,189439.0
1214.96130276731,185649.0
1216.3502521663,181802.0
25634.8237547841,33702731.0
26706.917926066,32175224.0
24922.6716948944,30784383.0
22827.671935548,31552510.0
24905.6634541027,30063799.0
24393.5188306638,30196281.0
23035.1199977707,30977355.0
22783.0389617254,30954198.0
23256.1549553531,29816382.0
23404.7306039825,28309273.0
23057.3562910391,27624004.0
23643.028607702,26168861.0
23314.565137181,25091867.0
21830.1424272816,23978487.0
1458.96642332589,18077573.0
1433.1991875241,17651103.0
1414.5395109385,17220867.0
1361.79143748646,16789219.0
1379.60875249861,16352922.0
1355.09610863712,15914498.0
1312.10932776049,15475002.0
1257.40906915928,15034521.0
1218.00613555438,14593331.0
1180.7987108505,14152102.0
1147.3859217191,13710849.0
1154.05677992367,13310495.0
1139.74447892639,12958897.0
1153.53431121583,12635413.0
8210.55401378745,6623183.0
7857.40327149497,6664449.0
7465.67530944906,6834326.0
6850.96677811138,6899126.0
6870.75746352687,6945235.0
6524.0796846826,6982604.0
6200.26060347164,7020858.0
6024.95753018527,7058322.0
5820.3215576888,7095383.0
5716.5404784933,7131787.0
5793.33614236087,7166553.0
5739.30750190714,7201497.0
5737.00119892159,7236519.0
5690.7032693018,7291436.0
16242.4365925219,119773.0
15869.6738782504,119878.0
17005.0422063679,99258.0
17048.361729788,98462.0
19481.6461053742,97625.0
18628.1862276696,96762.0
17921.5731976918,95843.0
16962.6753972731,94677.0
15333.1051727105,93419.0
14395.6158118771,91359.0
14050.3135581314,89949.0
14135.0010570653,88303.0
13843.7116081878,87441.0
12313.5566919249,89770.0
1113.86837500697,8460512.0
1077.08884538507,8276807.0
1045.7661615758,8094602.0
1010.25294614757,7912558.0
1046.96778078594,7731991.0
1015.6678297205,7554563.0
1010.54694071207,7379299.0
1002.77862282013,7205328.0
964.575980888989,7037655.0
1032.23789355905,6876385.0
1146.81973456475,6714051.0
1025.04366004502,6551080.0
950.760763054593,6387251.0
902.769891411394,6222714.0
66167.3596303607,5917648.0
68218.805333562,5637022.0
67731.2610711717,5453566.0
59189.70385743,5685807.0
61345.5291820062,5703569.0
61250.3476672302,5638676.0
59485.3015873921,5612253.0
56986.7853102911,5607283.0
55645.6068614606,5535002.0
54681.9336458253,5469724.0
53298.9728558286,5399162.0
51679.352717333,5312437.0
50713.5326393594,5183688.0
48752.0515441859,5076732.0
33066.2495331081,42749.0
32316.8721521009,42139.0
29834.6350068383,41571.0
28920.3773007159,41008.0
33877.976645467,40385.0
31047.7241050626,39712.0
33945.4185182499,38996.0
37428.7027557069,38249.0
37839.6283815163,37471.0
38623.1999405819,36672.0
38889.7715088035,35854.0
39298.9873567827,35023.0
39615.1371367338,34267.0
38403.0705201664,33794.0
19381.2460735632,5426740.0
18952.4452860922,5431752.0
18816.239379058,5447247.0
17763.8563847352,5458827.0
18250.9802475637,5454147.0
17869.0149173679,5446771.0
17195.2888721963,5439232.0
16740.7413996428,5430798.0
16442.0760860018,5423801.0
15647.6491763517,5418649.0
15249.8824513785,5413393.0
15159.6570420004,5407579.0
14950.8735178599,5398384.0
14596.1477776887,5391428.0
25708.8692594475,2120461.0
25276.9359105789,2112076.0
24659.2499382582,2108079.0
22811.8050540778,2102419.0
23943.1800949889,2088385.0
23293.966665323,2073894.0
22397.7634988337,2066388.0
21309.7122138949,2065042.0
20697.2748530619,2063531.0
20228.7081986391,2061980.0
19704.2186005128,2059953.0
19894.8697964548,2057159.0
20535.4155754108,2052843.0
20444.1201295876,2048583.0
1937.16001505132,800005.0
1932.78966817916,781066.0
1933.17055918223,762591.0
1930.64258596415,744498.0
2043.07578936317,728147.0
2061.89784418456,709101.0
2075.36230008714,685672.0
2084.24598380679,662379.0
2045.47889485251,639415.0
2085.15500132222,616908.0
2136.72036781191,594945.0
2105.90758922315,573606.0
2132.01998399541,552945.0
2058.95426620207,532968.0
465.160696448976,18358615.0
460.29964584736,17801897.0
461.842094673158,17271431.0
463.03252483819,16651191.0
494.559378705297,16030971.0
498.981065013872,15452487.0
506.50109887946,14916629.0
458.921476824606,14348740.0
445.583080073396,13806963.0
417.516796906395,13339491.0
397.108796344858,12869594.0
369.617204753385,12461160.0
349.577449077691,12348830.0
329.970504936986,12261756.0
5747.41965026414,63212384.0
5783.86090401536,62378410.0
5756.19549409213,61502603.0
5569.58483319272,60562381.0
6032.82972598668,59587885.0
6117.2701406047,58613001.0
6125.6920507497,57635162.0
6095.295060428,57259551.0
6112.27382485974,56723537.0
6155.00589462516,55594838.0
6170.87670863373,54678791.0
6121.55783860713,53782567.0
6067.12482726885,52995205.0
5953.94506512821,52344051.0
,11483374.0
,11021177.0
,10865780.0
,10698467.0
,10423384.0
,10122977.0
,10259154.0
,10830102.0
1080.14718624765,11107561.0
1197.09491969479,11235073.0
1165.16202707495,11166275.0
1069.19619080938,10756240.0
2073.23981819145,10288109.0
2295.07026096006,9745953.0
28569.8436387056,48347910.0
28152.4661471586,47786102.0
26705.3629138959,47443821.0
25077.019882928,47359424.0
28301.4393949563,47118501.0
27956.7225466484,46782011.0
27426.281015093,46571232.0
26719.2442268615,46458139.0
25982.4416197775,46422303.0
24947.8512505913,46460733.0
24498.5559507945,46604197.0
24763.568274484,46773055.0
25510.5579678829,46742697.0
25766.2515825743,46576897.0
3964.91987394354,22037000.0
4033.14561476298,22181000.0
4357.97225779491,22156000.0
4227.23315306594,21919000.0
4455.78189608267,21803000.0
4493.03575444544,21670000.0
4436.00789945768,21453000.0
4214.74117992085,21209000.0
4057.7158346231,20970000.0
3929.92062023571,20778000.0
3728.9358665501,20585000.0
3484.79049043958,21169458.0
3232.37350380893,21009048.0
2993.0141151074,20879089.0
21911.5163009526,46758.0
21024.4472094197,46709.0
19031.8211910603,46763.0
18918.8263456611,46870.0
22297.7644995701,46952.0
21635.4972146482,47008.0
21191.6047083703,47050.0
21133.6575914414,47075.0
20328.8003530109,47087.0
20187.8061975481,47089.0
18773.8926898397,47069.0
17770.4963640576,47033.0
17958.6813977053,46886.0
17688.0690103409,46846.0
11440.0829538276,179285.0
11224.2899455738,178781.0
9336.92127417129,178522.0
8379.27495097388,178250.0
11114.7785940338,177661.0
11233.8883578457,177017.0
10960.4843512477,176342.0
10644.1612913407,175646.0
10334.9860823918,174905.0
10369.9382566513,174138.0
10279.4155096001,173369.0
10517.2777635533,172587.0
10576.8979743596,171801.0
10191.3146827694,170906.0
,27515.0
,28870.0
,29961.0
,31786.0
,34267.0
,36012.0
,36837.0
,37175.0
,37369.0
,37450.0
,37419.0
,37276.0
,37069.0
,36856.0
9042.17816116696,101323.0
8524.0898518317,102046.0
8203.01335227809,102841.0
7981.64858144827,103526.0
8286.26735004137,104167.0
8171.70522599219,104926.0
7864.94736898375,105663.0
7702.61696422722,106349.0
7353.73556054184,106960.0
7116.35480304653,107535.0
6989.48254510922,108135.0
6783.80062180219,108736.0
6667.81702530981,109349.0
6671.2735357515,109959.0
677.723205566406,50042791.0
973.225280761719,49383346.0
1009.54888916016,48066924.0
1056.86474609375,46789231.0
1126.55297851563,45548175.0
1185.94445800781,44230596.0
1261.87353515625,42714306.0
1297.15454101563,41259892.0
1292.37963867188,40024431.0
1307.3896484375,38823318.0
1283.45922851563,37785849.0
1288.25854492188,36923178.0
1388.21813964844,36140806.0
1311.22314453125,35414399.0
7195.10209033209,628886.0
7081.33357325783,623164.0
6973.89941868115,617896.0
7213.10766669943,612317.0
8677.30522021731,605768.0
8666.64870697797,599513.0
8338.69235401862,593713.0
8293.31553031406,587757.0
8813.61705392067,581627.0
9224.24378410547,575373.0
9303.46008775809,569020.0
9140.92898611536,562633.0
9003.28597674886,556269.0
8603.90786745855,549923.0
54557.129996126,10536632.0
54878.2919499171,10486941.0
54458.3535629927,10415811.0
51715.7810359674,10353442.0
53156.8613139843,10278887.0
52363.3829129568,10175214.0
51985.9324672002,10057698.0
51746.6969646457,9923085.0
51197.9529341175,9799186.0
49556.7004954366,9696110.0
48927.5973079916,9600379.0
48788.8671210682,9519374.0
49355.6899477279,9449213.0
48204.6580769325,9378126.0
90084.8341661309,8888093.0
90605.019427268,8777088.0
88661.2029776281,8704546.0
84637.0132935333,8638167.0
87123.6604234257,8575280.0
86756.6022327472,8514329.0
84967.5886498224,8451840.0
84611.0998672721,8373338.0
83806.4476003837,8282396.0
83394.3712888211,8188649.0
82479.9215677304,8089346.0
81964.8864937809,7996861.0
81874.3362425008,7912398.0
81315.4228307049,7824909.0
669.899693896028,23594623.0
712.272278200037,22462173.0
734.334236323426,21628839.0
740.811397013438,21049429.0
771.518695271305,20353534.0
792.413811698757,19577845.0
795.883216970859,19224668.0
802.969498335502,19193834.0
847.731631942565,19424618.0
847.659877206276,20273659.0
884.329813332104,21666917.0
1142.29080150598,22759763.0
1542.71957174916,22878098.0
1526.36894402751,22482421.0
1407.1075436221,10389799.0
1325.75545290849,10182222.0
1254.06999592306,9966908.0
1171.90127480359,9749310.0
1148.34676712493,9529966.0
1094.8002018221,9307333.0
1042.26391757642,9085946.0
997.352614556708,8865631.0
956.916310930656,8643840.0
925.970961482804,8425552.0
889.882383099979,8216724.0
849.519080831738,8014084.0
809.368229154093,7824785.0
770.604105393791,7652141.0
1092.86413574219,66617606.0
1070.58532714844,64711821.0
1054.31726074219,62830412.0
1041.25964355469,60972798.0
1051.7666015625,59174891.0
1024.01525878906,57437145.0
1001.88745117188,55652890.0
970.156127929688,53824013.0
939.127319335938,52020962.0
913.811218261719,50351512.0
882.8115234375,48824128.0
851.910705566406,47374260.0
838.999267578125,46029367.0
801.29931640625,44758488.0
6408.41432577294,71702435.0
6278.7855138276,71735329.0
6121.52696529713,71727332.0
6035.18627737077,71641484.0
6434.53770518034,71522271.0
6314.19948412043,71376079.0
6076.74307700082,71160187.0
5857.78052935926,70859841.0
5688.85335397884,70540795.0
5541.46599361845,70216367.0
5516.61164164135,69845114.0
5403.87846036273,69436098.0
5070.23740191942,69007208.0
5059.35747831657,68579447.0
1278.4186467123,1384286.0
1578.51778365868,1369295.0
2014.78226729247,1350139.0
1947.8399413707,1326053.0
1504.54988585305,1300945.0
1243.00069226339,1275959.0
1267.08660142883,1251703.0
1333.6585468432,1228312.0
1319.59297370991,1205131.0
1312.96494079465,1181903.0
1281.92864092574,1158695.0
1269.41629276068,1134885.0
1237.48383284275,1110207.0
1195.38086241831,1084679.0
896.874686928368,9304337.0
862.763712696128,9089738.0
835.199051274184,8878379.0
806.956490395231,8669720.0
810.514132815471,8463068.0
791.59353236921,8258778.0
774.276909071917,8057140.0
763.276549113054,7858289.0
751.052405084336,7663195.0
730.291525419946,7472450.0
709.092304171157,7285442.0
687.495795744285,7100736.0
663.963778088896,6916474.0
644.563730311597,6732590.0
4710.34865662378,104597.0
4594.63439155091,105042.0
4683.29954861518,105490.0
4656.93187493267,105704.0
4576.85098496882,105669.0
4590.84203663344,105567.0
4568.62484962494,105356.0
4419.8147470039,105524.0
4123.90347238813,106095.0
4058.81584447473,106609.0
3962.16980948788,107078.0
3932.59367180675,107460.0
3892.76807750666,107570.0
3653.97817265087,107400.0
15926.3168523122,1367510.0
15721.830095148,1365805.0
15533.5693580653,1367558.0
15686.0929022811,1366725.0
17253.6614512687,1363985.0
17233.1828669419,1359193.0
17437.5537752202,1356633.0
18357.384885541,1353895.0
19887.2337359338,1349667.0
20064.4798884344,1345343.0
19418.5277404391,1340557.0
18865.5467694986,1335194.0
17774.7712262777,1328019.0
17966.6620269257,1317714.0
3958.56222854122,12200431.0
3983.49130488497,12119334.0
3902.54258302726,12048622.0
3749.26722435797,11974057.0
4154.95861594283,11875081.0
4128.10393763368,11765514.0
4062.22677519573,11650498.0
4015.29664102169,11528674.0
4014.94773686432,11402264.0
4021.60476871861,11274288.0
3947.59276091668,11141361.0
3900.05126518371,11009647.0
3784.74620448381,10886035.0
3906.91133143991,10765980.0
14713.5670729157,85325965.0
14055.1031460453,84979913.0
13449.9291299333,84147318.0
12179.6626536773,83384680.0
12073.8690708145,82579440.0
12148.2931275476,81407204.0
11953.6664174026,80312698.0
11264.6145749335,79277962.0
11049.9951100942,78218479.0
10556.1170411504,77181884.0
10195.8475785153,76147624.0
9519.81508910914,75175827.0
9201.33726059829,74223629.0
8396.92342026278,73142150.0
7880.44528570939,7364438.0
7551.03650143157,7230193.0
7248.70763225719,7092043.0
6965.11226889286,6949912.0
6718.16608056274,6803944.0
6460.94356849428,6655524.0
6222.55590558882,6507061.0
5977.83828113854,6360041.0
5759.497903834,6215770.0
5533.03528846527,6075283.0
5131.16736462999,5939341.0
4761.0792759807,5808546.0
4379.74943394339,5683417.0
3900.14237925855,5564356.0
47635.8641548012,46198.0
42205.2888008806,45847.0
37487.7844895974,45243.0
29477.5729413857,44386.0
45798.379822337,43166.0
45311.9975423234,41559.0
24684.2008432918,39913.0
26370.383676041,38315.0
25736.101625461,36605.0
24145.829335545,35050.0
23132.9857880833,33653.0
23975.0352353195,32127.0
25654.7909981038,30846.0
25434.5575650799,29739.0
4773.34085526672,9816.0
4515.29701517492,9992.0
4396.04894488478,10194.0
4233.0183205634,10399.0
4345.99606453315,10581.0
3757.85997284742,10751.0
3666.20189700038,10869.0
3558.61212970652,10930.0
3357.83417700071,10963.0
3035.24325598472,10984.0
3030.55285189857,11001.0
2922.07629963849,10934.0
3028.2511217061,10780.0
2879.29645720352,10614.0
955.745797275462,48656601.0
933.094056370423,47312719.0
919.401675217265,45910930.0
917.0350317644,44457152.0
920.939101515671,42999637.0
895.07512785438,41565831.0
871.093880017151,40177388.0
874.648370639216,38799152.0
862.934610355811,37531446.0
845.978664791099,36395539.0
828.988669729986,35337042.0
823.580468285493,34337438.0
816.516366587228,33354543.0
768.624091660131,32390802.0
2164.26123046875,37732836.0
1874.66296386719,41048766.0
2426.6123046875,44298640.0
2324.107421875,44680014.0
2398.07836914063,44957458.0
2308.6669921875,45208907.0
2217.7529296875,45436041.0
2156.0830078125,45616832.0
2094.47387695313,45784896.0
2308.6435546875,45972380.0
2432.41625976563,46126770.0
2426.92944335938,46210056.0
2418.12084960938,46307853.0
2285.93383789063,46456003.0
42507.7873410123,10483751.0
42687.7207209003,10074977.0
41778.5838767025,9575152.0
40776.6308713329,9401038.0
42700.1297938135,9445785.0
42679.75191193,9346701.0
42690.2147810875,9223225.0
43745.2881695314,8935095.0
43534.9972694631,8505237.0
43023.1904189899,8059440.0
43269.8404678577,7693031.0
42868.0975048418,7391448.0
43800.1593000919,7104538.0
42645.6359587867,6869838.0
47251.4387159432,68492000.0
47682.7615349036,67604000.0
45902.8331986448,66984000.0
42429.1857996453,66744000.0
47379.8014800553,66631000.0
46862.9673585729,66289000.0
46439.8616757792,65966000.0
45485.6509977812,65607000.0
44983.885522934,65088000.0
44324.3923234579,64620000.0
43274.3377519631,64139000.0
42794.7752628767,63711000.0
42459.9630182272,63258810.0
42311.4329830247,62766365.0
65505.2557007675,336806231.0
64198.4324880296,334017321.0
62986.6563127547,332099760.0
59484.0335530935,331577720.0
61047.9648235152,330226227.0
59817.6556796969,328529577.0
58435.9707521832,326608609.0
57430.8499282527,324353340.0
56849.4697923159,321815121.0
55665.2411167663,319257560.0
54728.8601798884,316726282.0
54000.8410760833,314339099.0
53215.5362316915,311839461.0
52812.682985453,309378227.0
18378.9833563662,3388081.0
18228.3558443761,3390913.0
17416.0052208869,3396695.0
16443.3635000843,3398968.0
17758.4384372986,3397206.0
17608.9441195037,3394534.0
17611.6036701032,3388438.0
17357.2349992841,3379283.0
17125.9016800298,3368017.0
17122.0364563225,3356334.0
16639.4054750651,3345337.0
15949.3176985435,3335401.0
15443.9961926395,3326825.0
14722.3780081191,3318580.0
3725.67414578619,35652307.0
3576.71552716054,34938955.0
3442.7248445034,34243696.0
3249.05191094018,33586372.0
3259.36964632494,32964701.0
3108.1618786112,32373490.0
2995.76761437743,31819178.0
2918.67725852903,31284568.0
2803.19018021751,30749346.0
2659.99075095273,30222994.0
2530.68447898703,29724065.0
2395.84036755728,29261903.0
2271.00936223002,28823196.0
2144.6400056546,28385506.0
2651.47349372082,320409.0
2740.27545530661,313046.0
2666.30269843855,305868.0
2771.87098808052,298858.0
2986.2036911437,291985.0
2960.65376683153,285259.0
2946.96186165079,278507.0
2889.01404801498,272087.0
2854.89412272653,266101.0
2807.83422956759,260240.0
2799.28262661802,254482.0
2849.05448321427,248883.0
2883.22689591881,243474.0
2856.77377649901,238248.0
,28300854.0
,28213017.0
,28237826.0
,28444077.0
,28938098.0
,29807592.0
,30565323.0
,30765720.0
,30573972.0
,30254079.0
,29912198.0
,29553826.0
,29185212.0
,28813101.0
3775.46375555802,100352192.0
3617.66311465012,99680655.0
3358.21734764714,98935098.0
3303.16949807493,98079191.0
3241.07648966529,97173776.0
3048.28327602145,96237319.0
2868.13680013379,95176977.0
2715.57887431272,94000117.0
2577.56885340113,92823254.0
2439.28655744423,91679578.0
2320.08431444934,90573104.0
2224.11404253256,89510356.0
2132.90453762087,88468314.0
2027.58184375924,87455152.0
,104917.0
36983.431060272,105413.0
37313.0484931531,105870.0
35850.7433148653,106290.0
36309.7438446842,106669.0
35174.1019944986,107001.0
34435.4944455756,107281.0
34614.7482633247,107516.0
34007.3529411765,107712.0
34098.7109972738,107882.0
34663.6460602129,108041.0
36938.1682086351,108188.0
43320.176769501,108290.0
47162.7375570431,108357.0
2888.76306072177,5165775.0
3099.9609010368,5043612.0
3051.48607007995,4922749.0
2922.46801084844,4803269.0
3378.4346209191,4685306.0
3417.79440837962,4569087.0
3462.97986107136,4454805.0
3483.09903532972,4367088.0
3272.15432360708,4270092.0
3227.84934482645,4173398.0
3309.63120243098,4076708.0
3237.91619995789,3979998.0
3128.10811061384,3882986.0
2927.08101953403,3786161.0
,39390799.0
,38222876.0
,37140230.0
,36134863.0
,35111408.0
1079.3293837659,34085182.0
1103.45634861492,33090921.0
1197.95865935857,32109010.0
1362.17381205593,31159379.0
1950.16254490231,30226309.0
2014.72890570528,29312952.0
1981.45800029867,28433647.0
1994.83663340185,27582897.0
2356.1996041581,26754387.0
1330.85998216751,20723965.0
1298.8480495593,20152938.0
1269.10821808895,19603607.0
1228.73500113195,19059395.0
1301.18132976178,18513839.0
1321.25045711573,17973569.0
1308.76829240086,17441320.0
1303.57513869133,16914423.0
1295.87788680068,16399089.0
1299.01241762504,15895315.0
1280.77012176778,15398997.0
1258.78938578996,14913629.0
1208.46424569634,14437796.0
1183.41712409199,13965594.0
1417.55775908425,16340822.0
1368.49841808934,16069056.0
1311.53099950094,15797210.0
1230.19155671068,15526888.0
1356.83821089692,15271368.0
1471.39488971183,15034452.0
1422.1934603003,14812482.0
1377.63927701563,14600294.0
1386.41855927575,14399013.0
1380.54927116793,14207359.0
1367.1204010724,14013808.0
1359.45829603738,13817887.0
1184.32960982582,13595424.0
1055.6699255673,13356548.0
